Job ID,Job URL,Job Title,Company Name,Status,Timestamp,WP ID
3bf0db8dc24dcf06,https://bs.linkedin.com/jobs/view/waste-management-technician-celebration-key-bahamas-at-carnival-corporation-4407898213,Waste Management Technician - (Celebration Key - Bahamas),Carnival Corporation,posted,2026-07-06T23:57:37.241077,22
139f21b31e0e1d7c,https://bs.linkedin.com/jobs/view/hotel-storekeeper-celebration-key-bahamas-at-carnival-corporation-4409040110,Hotel Storekeeper - (Celebration Key - Bahamas),Carnival Corporation,posted,2026-07-06T23:57:46.130788,24
03070bbfa159f569,https://bs.linkedin.com/jobs/view/boh-technician-half-moon-cay-bahamas-at-relaxaway-half-moon-cay-4427656912,BOH Technician - (Half Moon Cay - Bahamas),,scraped,2026-07-06T23:57:48.787307,
6250805e0b29b179,https://bs.linkedin.com/jobs/view/boh-technician-half-moon-cay-bahamas-at-relaxaway-half-moon-cay-4424808893,BOH Technician - (Half Moon Cay - Bahamas),,scraped,2026-07-06T23:57:55.603807,
8e1d80953067461a,https://bs.linkedin.com/jobs/view/launch-and-recovery-technician-i-at-amentum-4430123551,Launch and Recovery Technician I,Amentum,posted,2026-07-06T23:58:09.463039,26
42be0a1a0a7703fc,https://bs.linkedin.com/jobs/view/diver-at-amentum-4400290558,Diver,Amentum,posted,2026-07-06T23:58:18.411714,28
b27c667a5d8415cc,https://bs.linkedin.com/jobs/view/retail-manager-at-resorts-world-bimini-4436102104,Retail Manager,,scraped,2026-07-06T23:58:20.801927,
e0d0a23e22f60d2c,https://bs.linkedin.com/jobs/view/assistant-property-manager-at-tishman-speyer-4435257434,Assistant Property Manager,Tishman Speyer,posted,2026-07-06T23:58:37.012405,30
5ffdc8007cd7c36f,https://bs.linkedin.com/jobs/view/technician-3-at-sunbelt-rentals-inc-4436451773,Technician 3,"Sunbelt Rentals, Inc.",posted,2026-07-06T23:58:47.093105,32
e4ca9196a98d1364,https://bs.linkedin.com/jobs/view/maintenance-operator-grand-bahama-at-soenergy-international-4433971689,Maintenance Operator - Grand Bahama,SoEnergy International,posted,2026-07-06T23:58:56.690457,34
1407d855bfe8eabf,https://bs.linkedin.com/jobs/view/gerente-de-manuten%C3%A7%C3%A3o-f%C3%A1brica-s%C3%A3o-paulo-at-l-or%C3%A9al-4436067378,Gerente de Manutenção | Fábrica São Paulo,,scraped,2026-07-06T23:58:59.286887,
3dd4c7fb78e1316f,https://bs.linkedin.com/jobs/view/executive-chef-at-hospitality-talents-recruitment-agency-4434970322,Executive Chef,,scraped,2026-07-06T23:59:05.917366,
ebbb0c35d66778f7,https://bs.linkedin.com/jobs/view/beach-club-restaurant-supervisor-at-private-sector-4437436792,Beach Club Restaurant Supervisor,Private sector,posted,2026-07-06T23:59:20.774602,36
6da30861f01855b2,https://bs.linkedin.com/jobs/view/executive-chef-boutique-luxury-resort-and-marina-at-keller-executive-search-4436747263,"Executive Chef, Boutique Luxury Resort and Marina",Keller Executive Search,posted,2026-07-06T23:59:30.399571,38
bff8d482f43750c6,https://bs.linkedin.com/jobs/view/director-of-revenue-management-at-viceroy-hotels-and-resorts-4435277246,Director of Revenue Management,Viceroy Hotels and Resorts,posted,2026-07-06T23:59:41.069796,40
402703f22178c653,https://bs.linkedin.com/jobs/view/contact-center-agent-contract-at-the-bahamas-telecommunications-company-btc-business-4435486445,Contact Center Agent (Contract),,scraped,2026-07-06T23:59:43.661125,
7277f7e4b14c1285,https://bs.linkedin.com/jobs/view/leisure-sales-manager-at-viceroy-hotels-and-resorts-4435269519,Leisure Sales Manager,Viceroy Hotels and Resorts,posted,2026-07-06T23:59:56.953201,42
30ea356c2e0723d0,https://bs.linkedin.com/jobs/view/ib-middle-years-programme-myp-coordinator-at-british-international-school-of-washington-4435417895,IB Middle Years Programme (MYP) Coordinator,British International School of Washington,posted,2026-07-07T00:00:11.408968,44
c1e939559e11541e,https://bs.linkedin.com/jobs/view/technical-theatre-manager-at-nord-anglia-education-4434331054,Technical Theatre Manager,Nord Anglia Education,posted,2026-07-07T00:00:22.270895,46
3c91cc73eed61f18,https://bs.linkedin.com/jobs/view/island-second-steward-bahamas-at-disney-cruise-line-4436953091,Island Second Steward - Bahamas,Disney Cruise Line,posted,2026-07-07T00:00:31.891264,48
669147659b5965c8,https://bs.linkedin.com/jobs/view/shorex-sales-attendant-celebration-key-bahamas-at-carnival-corporation-4398037230,Shorex Sales Attendant - (Celebration Key - Bahamas),Carnival Corporation,posted,2026-07-07T00:00:41.884915,50
e549fd76a5be9bd5,https://bs.linkedin.com/jobs/view/boat-captain-half-moon-cay-bahamas-at-relaxaway-half-moon-cay-4409115351,Boat Captain - (Half Moon Cay - Bahamas),,scraped,2026-07-07T00:00:44.400410,
3065e6531f88f983,https://bs.linkedin.com/jobs/view/lifeguard-instructor-half-moon-cay-bahamas-at-relaxaway-half-moon-cay-4387728968,Lifeguard Instructor - (Half Moon Cay - Bahamas),,scraped,2026-07-07T00:00:50.516660,
88a8ab06df9e0c39,https://bs.linkedin.com/jobs/view/deputy-port-facility-security-officer-half-moon-cay-bahamas-at-relaxaway-half-moon-cay-4400313645,Deputy Port Facility Security Officer - (Half Moon Cay - Bahamas),,scraped,2026-07-07T00:00:56.615580,
633c914576d6aaf7,https://bs.linkedin.com/jobs/view/deputy-port-facility-security-officer-half-moon-cay-bahamas-at-relaxaway-half-moon-cay-4397618738,Deputy Port Facility Security Officer - (Half Moon Cay - Bahamas),,scraped,2026-07-07T00:01:02.669909,
19d6293243197032,https://bs.linkedin.com/jobs/view/boat-captain-half-moon-cay-bahamas-at-relaxaway-half-moon-cay-4407631578,Boat Captain - (Half Moon Cay - Bahamas),,scraped,2026-07-07T00:01:08.639303,
3e19345f7b7de202,https://bs.linkedin.com/jobs/view/cooking-assistant-at-amentum-4418012411,Cooking Assistant,Amentum,posted,2026-07-07T00:01:21.568565,52
7bc44231b83f3b04,https://bs.linkedin.com/jobs/view/mk-30-underwater-target-technician-i-at-amentum-4429712380,MK-30 Underwater Target Technician I,Amentum,posted,2026-07-07T00:01:31.180236,54
b9a673193d92d3c2,https://bs.linkedin.com/jobs/view/crane-technician-at-amentum-4433500817,Crane Technician,Amentum,posted,2026-07-07T00:01:40.591360,56
a4526e38237d75d4,https://bs.linkedin.com/jobs/view/firefighter-emt-at-amentum-4427089608,Firefighter/EMT,Amentum,posted,2026-07-07T00:01:49.972129,58
b781bbb2c976959e,https://bs.linkedin.com/jobs/view/funded-traineeship-for-young-graduates-at-the-eu-delegation-to-jamaica-belize-and-the-bahamas-at-eubam-libya-4437110983,"Funded traineeship for young graduates at the EU Delegation to Jamaica, Belize and The Bahamas",,scraped,2026-07-07T11:23:43.977482,
26bce27541decf3c,https://bs.linkedin.com/jobs/view/employee-engagement-events-and-well-being-officer-at-doctors-hospital-4436402209,"EMPLOYEE ENGAGEMENT, EVENTS, AND WELL-BEING OFFICER",Doctors Hospital,posted,2026-07-07T11:24:37.036685,60
ddcaa4af1173533d,https://bs.linkedin.com/jobs/view/island-second-steward-bahamas-at-the-walt-disney-company-4435788558,Island Second Steward - Bahamas,The Walt Disney Company,posted,2026-07-07T11:24:41.967196,48
00f94fa12a95bd2c,https://bs.linkedin.com/jobs/view/operations-manager-at-kotug-international-4436486312,Operations Manager,,scraped,2026-07-07T11:24:44.897960,
dbeb6a3d207e2196,https://bs.linkedin.com/jobs/view/project-manager-at-bron-ltd-4437497615,Project Manager,,scraped,2026-07-07T11:24:54.307026,
24be9b8c28911435,https://bs.linkedin.com/jobs/view/marine-operations-manager-at-kotug-international-4436489101,Marine Operations Manager,,scraped,2026-07-07T11:25:01.045360,
87dfc9b125f23cfc,https://bs.linkedin.com/jobs/view/remote-client-support-specialist-at-sight-sea-travel-4435788746,Remote Client Support Specialist,Sight Sea Travel,posted,2026-07-07T11:25:15.782918,62
64bb64413d5a89ef,https://bs.linkedin.com/jobs/view/restaurant-general-manager-at-its-luxury-retail-4432389690,Restaurant General Manager,,scraped,2026-07-07T11:25:18.388111,
cde5d23100c839b9,https://bs.linkedin.com/jobs/view/customer-loyalty-retention-specialist-contract-b2c-at-the-bahamas-telecommunications-company-btc-business-4435415227,"Customer Loyalty & Retention Specialist (Contract), B2C",,scraped,2026-07-07T11:25:29.467770,
f74a9968b24d8c8e,https://bs.linkedin.com/jobs/view/manager-learning-development-celebration-key-bahamas-at-carnival-corporation-4427060245,"Manager, Learning & Development  (Celebration Key - Bahamas)",Carnival Corporation,posted,2026-07-07T11:25:42.975097,64
922389a5ec96836b,https://bs.linkedin.com/jobs/view/human-resources-associate-half-moon-cay-bahamas-at-relaxaway-half-moon-cay-4426615679,Human Resources Associate - (Half Moon Cay - Bahamas),,scraped,2026-07-07T11:25:45.454280,
ecf85a5ffcbcc01a,https://bs.linkedin.com/jobs/view/it-systems-administrator-contracted-at-the-bahamas-telecommunications-company-btc-business-4435416242,IT Systems Administrator (Contracted),,scraped,2026-07-07T11:25:53.936783,
95061c8a6dc94993,https://bs.linkedin.com/jobs/view/electrician-royal-beach-club-at-royal-caribbean-international-4435575554,"Electrician, Royal Beach Club",Royal Caribbean International,posted,2026-07-07T11:26:09.836085,66
de472338d64d3700,https://bs.linkedin.com/jobs/view/maintenance-mep-technician-at-scales-and-associates-4435112253,Maintenance & MEP Technician,,scraped,2026-07-07T11:26:12.425030,
7c0e249a9659bf14,https://bs.linkedin.com/jobs/view/laundry-attendant-interior-yacht-cleaner-at-the-moorings-yacht-charters-4437464667,Laundry Attendant / Interior Yacht Cleaner,The Moorings Yacht Charters,posted,2026-07-07T11:26:25.855458,68
5096799213d4cab0,https://bs.linkedin.com/jobs/view/special-projects-manager-celebration-key-bahamas-at-carnival-corporation-4409810888,Special Projects Manager- (Celebration Key - Bahamas),Carnival Corporation,posted,2026-07-07T11:26:42.587069,70
38d29176ebd6e8db,https://bs.linkedin.com/jobs/view/warehouse-attendant-half-moon-cay-bahamas-at-carnival-corporation-4329008256,Warehouse Attendant - (Half Moon Cay - Bahamas),Carnival Corporation,posted,2026-07-07T19:18:05.024337,72
9dc48f28406e5b3f,https://bs.linkedin.com/jobs/view/tram-attendant-half-moon-cay-bahamas-at-relaxaway-half-moon-cay-4429176663,Tram Attendant - (Half Moon Cay - Bahamas),,scraped,2026-07-07T19:18:07.630117,
aefcac4c3843864f,https://bs.linkedin.com/jobs/view/tram-attendant-half-moon-cay-bahamas-at-relaxaway-half-moon-cay-4426481969,Tram Attendant - (Half Moon Cay - Bahamas),,scraped,2026-07-07T19:18:13.936305,
27f84a22e3004a88,https://bs.linkedin.com/jobs/view/reservations-agent-non-management-1-at-four-seasons-4437103897,Reservations Agent (Non-Management)-1,Four Seasons,posted,2026-07-07T19:18:37.588053,74
e2887606941545f5,https://bs.linkedin.com/jobs/view/chief-nurse-at-royal-caribbean-international-4436807590,Chief Nurse,Royal Caribbean International,posted,2026-07-07T19:18:58.563264,76
a5fc9bc5543e282f,https://bs.linkedin.com/jobs/view/human-resources-associate-half-moon-cay-bahamas-at-relaxaway-half-moon-cay-4400258165,Human Resources Associate - (Half Moon Cay - Bahamas),,scraped,2026-07-07T19:19:01.289971,
d913ca4a92c3a815,https://bs.linkedin.com/jobs/view/tour-guide-half-moon-cay-bahamas-at-relaxaway-half-moon-cay-4369739003,Tour Guide - (Half Moon Cay - Bahamas),,scraped,2026-07-07T19:19:07.138510,
6a87727af12e0c5c,https://bs.linkedin.com/jobs/view/horseback-riding-tour-guide-half-moon-cay-bahamas-at-relaxaway-half-moon-cay-4378614595,Horseback Riding Tour Guide - (Half Moon Cay - Bahamas),,scraped,2026-07-07T19:19:13.109385,
54a762a8d0e085d4,https://bs.linkedin.com/jobs/view/heavy-equipment-operator-half-moon-cay-bahamas-at-relaxaway-half-moon-cay-4428005646,Heavy Equipment Operator - (Half Moon Cay - Bahamas),,scraped,2026-07-07T19:19:26.922055,
423f0a65b01e8d6b,https://bs.linkedin.com/jobs/view/marine-pilot-trainee-at-buckeye-partners-4436854654,Marine Pilot Trainee,Buckeye Partners,posted,2026-07-07T23:32:47.917106,89
2afb56fc5e9078b8,https://bs.linkedin.com/jobs/view/field-operator-at-the-human-resources-solutions-group-4434829034,Field Operator,,scraped,2026-07-08T09:17:12.850561,
0941579723d74450,https://bs.linkedin.com/jobs/view/island-stingray-facilitator-ofi-temporary-bahamas-at-the-walt-disney-company-4437031827,Island Stingray Facilitator OFI (Temporary) - Bahamas,The Walt Disney Company,posted,2026-07-08T16:17:32.395263,91
c3ea00ec65799e06,https://bs.linkedin.com/jobs/view/beach-club-attendant-celebration-key-bahamas-at-carnival-corporation-4436779061,Beach Club Attendant - (Celebration Key - Bahamas),Carnival Corporation,posted,2026-07-08T16:17:59.483107,93
a7ff018b8c23b834,https://bs.linkedin.com/jobs/view/lifeguard-instructor-half-moon-cay-bahamas-at-relaxaway-half-moon-cay-4387895322,Lifeguard Instructor - (Half Moon Cay - Bahamas),,scraped,2026-07-08T16:18:02.051072,
c0e82d3ca3982274,https://bs.linkedin.com/jobs/view/desktop-support-engineer-at-tech-zone-llc-4434862968,Desktop Support Engineer,Tech Zone LLC,posted,2026-07-08T21:49:57.083581,95
3912768e2495c72f,https://bs.linkedin.com/jobs/view/tram-attendant-half-moon-cay-bahamas-at-relaxaway-half-moon-cay-4436880865,Tram Attendant - (Half Moon Cay - Bahamas),,scraped,2026-07-09T10:34:06.533360,
6e0cc4c1fc1e6817,https://bs.linkedin.com/jobs/view/attractions-instructor-at-royal-caribbean-international-4437071139,Attractions Instructor,Royal Caribbean International,posted,2026-07-09T10:34:24.082496,97
a5531b8bf24fdc53,https://bs.linkedin.com/jobs/view/retail-store-manager-at-blue-lagoon-island-4438519680,Retail Store Manager,,scraped,2026-07-09T10:34:26.696099,
fbffad7154c59661,https://bs.linkedin.com/jobs/view/data-center-technician-dispatch-at-sharp-brains-4434866057,Data center technician - Dispatch,,scraped,2026-07-09T10:34:34.897139,
b3e8085ff01008a5,https://bs.linkedin.com/jobs/view/smb-sales-agent-grand-bahama-and-nassau-contracted-at-the-bahamas-telecommunications-company-btc-business-4435417209,SMB Sales Agent - Grand Bahama and Nassau (Contracted),,scraped,2026-07-09T10:35:10.057151,
319a766ff38091cf,https://bs.linkedin.com/jobs/view/senior-trust-officer-at-ubs-4436254627,Senior Trust Officer,UBS,posted,2026-07-09T10:35:27.490749,99
1abd42897e437c67,https://bs.linkedin.com/jobs/view/professional-kitchen-cabinet-installer-4438571118,Professional Kitchen Cabinet Installer,positive woodworks,posted,2026-07-09T10:35:35.595704,101
eae676c8741f7a72,https://bs.linkedin.com/jobs/view/business-development-specialist-new-providence-and-eleuthera-the-bahamas-at-fidelity-bank-bahamas-limited-4438801056,Business Development Specialist - NEW  PROVIDENCE AND ELEUTHERA THE BAHAMAS,Fidelity Bank (Bahamas) Limited,posted,2026-07-09T18:28:51.417048,103
61d01cba5ad17a2c,https://bs.linkedin.com/jobs/view/tour-guide-half-moon-cay-bahamas-at-relaxaway-half-moon-cay-4370425202,Tour Guide - (Half Moon Cay - Bahamas),,scraped,2026-07-09T18:28:53.928708,
005ec5375aabf0bf,https://bs.linkedin.com/jobs/view/head-of-compliance-bahamas-at-okx-4427210387,"Head of Compliance, Bahamas",OKX,posted,2026-07-09T18:29:11.036593,105
333e99cc14f5a9f5,https://bs.linkedin.com/jobs/view/support-staff-goose-island-salt-shed-seasonal-at-karbach-brewing-co-4435907198,Support Staff - Goose Island Salt Shed (Seasonal),Karbach Brewing Co.,posted,2026-07-09T18:29:24.385840,107
bf2ba06329137d17,https://bs.linkedin.com/jobs/view/utility-technician-half-moon-cay-bahamas-at-relaxaway-half-moon-cay-4426477960,Utility Technician - (Half Moon Cay - Bahamas),,scraped,2026-07-09T18:29:32.915673,
f21443ef9d528406,https://bs.linkedin.com/jobs/view/boh-technician-half-moon-cay-bahamas-at-relaxaway-half-moon-cay-4437572248,BOH Technician - (Half Moon Cay - Bahamas),,scraped,2026-07-09T18:29:39.244799,
54b0703a8aa30cdb,https://bs.linkedin.com/jobs/view/security-officer-patrol-and-protection-celebration-key-bahamas-at-carnival-corporation-4388756217,Security Officer- Patrol and Protection (Celebration Key - Bahamas),Carnival Corporation,posted,2026-07-09T18:29:55.293002,109
4afa3b9242e99847,https://bs.linkedin.com/jobs/view/plumbing-lead-celebration-key-bahamas-at-carnival-corporation-4429566617,Plumbing Lead - (Celebration Key - Bahamas),Carnival Corporation,posted,2026-07-09T18:30:07.527122,111
602799c141ad9db8,https://bs.linkedin.com/jobs/view/marina-attendant-princess-cays-bahamas-at-carnival-corporation-4408507752,Marina Attendant - (Princess Cays - Bahamas),Carnival Corporation,posted,2026-07-09T18:30:19.281882,113
0c6dd2247c3c56da,https://bs.linkedin.com/jobs/view/fso-tax-wealth-asset-management-gcr-manager-at-ey-4408453584,FSO Tax - Wealth & Asset Management/GCR - Manager,EY,posted,2026-07-09T18:30:39.808190,115
fbaa0024a9d15152,https://bs.linkedin.com/jobs/view/talent-administrator-support-at-deloitte-4435696427,Talent - Administrator (Support),Deloitte,posted,2026-07-09T23:55:13.567647,117
f9fb9d619c3c6196,https://bs.linkedin.com/jobs/view/environmental-services-supervisor-at-doctors-hospital-4438555390,ENVIRONMENTAL SERVICES SUPERVISOR,Doctors Hospital,posted,2026-07-09T23:56:00.724781,119
751079193adba789,https://bs.linkedin.com/jobs/view/lifeguard-half-moon-cay-bahamas-at-carnival-corporation-4369966959,Lifeguard - (Half Moon Cay - Bahamas),Carnival Corporation,posted,2026-07-09T23:56:51.052908,121
496ef2cf51b114eb,https://bs.linkedin.com/jobs/view/electrician-half-moon-cay-bahamas-at-relaxaway-half-moon-cay-4418253967,Electrician - (Half Moon Cay - Bahamas),,scraped,2026-07-09T23:56:53.516062,
f9c4270a9db1517f,https://bs.linkedin.com/jobs/view/deputy-chief-executive-officer-deputy-ceo-at-thehivecareers-4437950170,Deputy Chief Executive Officer (Deputy CEO),TheHiveCareers,posted,2026-07-10T11:23:53.527047,123
f196fc0eeacea188,https://bs.linkedin.com/jobs/view/warehouse-inventory-clerk-at-caribbean-bottling-company-bahamas-ltd-4438836437,Warehouse Inventory Clerk,,scraped,2026-07-10T11:24:06.158888,
9bf354af79abc624,https://bs.linkedin.com/jobs/view/data-center-engineer-at-sharp-brains-4434860407,Data Center Engineer,,scraped,2026-07-10T11:24:16.368232,
e6db98ba1264d281,https://bs.linkedin.com/jobs/view/manager-risk-compliance-at-jtc-group-4438639035,Manager - Risk & Compliance,,scraped,2026-07-10T11:24:42.351240,
489e31ce22290edd,https://bs.linkedin.com/jobs/view/technical-storekeeper-princess-cay-bahamas-at-carnival-corporation-4411222161,Technical Storekeeper - (Princess Cay - Bahamas),Carnival Corporation,posted,2026-07-10T18:09:21.658261,125
8432a1462037385b,https://bs.linkedin.com/jobs/view/houseman-at-four-seasons-4430496761,Houseman,Four Seasons,posted,2026-07-10T18:09:41.061244,127
243882d7718a0dc5,https://bs.linkedin.com/jobs/view/diver-at-amentum-4438836026,Diver,Amentum,posted,2026-07-10T18:09:45.938116,28
86c87db2f72ee8cb,https://bs.linkedin.com/jobs/view/hair-stylist-at-onespaworld-4435978647,Hair Stylist,OneSpaWorld,posted,2026-07-10T18:10:10.169814,129
ec0041565ef2687a,https://bs.linkedin.com/jobs/view/cashier-sales-associate-nassau-at-the-human-resources-solutions-group-4435929187,Cashier/ Sales Associate (Nassau),,scraped,2026-07-10T18:10:12.720373,
fd6351b1014fd162,https://bs.linkedin.com/jobs/view/customer-service-representative-teller-new-providence-the-bahamas-at-fidelity-bank-bahamas-limited-4438830827,"Customer Service Representative/Teller - NEW PROVIDENCE, THE BAHAMAS",,scraped,2026-07-10T23:33:06.594094,
e030eadc08a8dc67,https://bs.linkedin.com/jobs/view/head-of-digital-media-at-cable-bahamas-ltd-4435907236,Head of Digital Media,,scraped,2026-07-11T07:23:30.061085,
0b089a30977a2e5b,https://bs.linkedin.com/jobs/view/myp-steam-educator-at-nord-anglia-education-4437301668,MYP STEAM Educator,Nord Anglia Education,posted,2026-07-11T11:34:12.881370,131
d6ddc48f1719113c,https://bs.linkedin.com/jobs/view/assistant-marine-technician-half-moon-cay-bahamas-at-relaxaway-half-moon-cay-4410858297,Assistant Marine Technician - (Half Moon Cay - Bahamas),,scraped,2026-07-11T11:34:31.325237,
90d562d6d69dc667,https://bs.linkedin.com/jobs/view/it-audit-supervisor-at-kpmg-bahamas-4438634982,IT Audit Supervisor,KPMG Bahamas,posted,2026-07-11T15:34:32.761005,133
0cc4486b26a18f63,https://bs.linkedin.com/jobs/view/generator-mechanic-at-royal-caribbean-international-4437071612,Generator Mechanic,Royal Caribbean International,posted,2026-07-11T15:34:44.408033,135
ccba137e362e3271,https://bs.linkedin.com/jobs/view/retail-clerk-at-the-abaco-club-4436841313,Retail Clerk,The Abaco Club,posted,2026-07-11T15:34:59.907593,137
0b74dbaae9e7f00b,https://bs.linkedin.com/jobs/view/activities-coordinator-celebration-key-bahamas-at-celebration-key-grand-bahama-4410852895,Activities Coordinator - (Celebration Key - Bahamas),Celebration Key Grand Bahama,posted,2026-07-11T18:39:47.189187,139
bee706639bf5001a,https://bs.linkedin.com/jobs/view/cook-half-moon-cay-bahamas-at-carnival-corporation-4431104045,Cook - (Half Moon Cay - Bahamas),Carnival Corporation,posted,2026-07-11T18:40:17.597825,141
cbc3f6eb516c850a,https://bs.linkedin.com/jobs/view/director-transmission-distribution-at-bahamas-grid-company-4439569573,"Director, Transmission & Distribution",,scraped,2026-07-11T20:51:37.174330,
b2b8c11858585af6,https://bs.linkedin.com/jobs/view/director-engineering-at-bahamas-grid-company-4439583030,"Director, Engineering",,scraped,2026-07-11T20:51:51.481402,
b4a3b009425ca279,https://bs.linkedin.com/jobs/view/rtw-driver-at-parkland-corporation-4437043147,RTW Driver,,scraped,2026-07-11T20:51:57.773207,
5716ef1e9e40c650,https://bs.linkedin.com/jobs/view/fleet-recovery-technician-at-the-moorings-yacht-charters-4411642435,Fleet Recovery Technician,The Moorings Yacht Charters,posted,2026-07-11T20:52:17.169751,143
0ca6eeea89be7c2d,https://bs.linkedin.com/jobs/view/electrician-princess-cays-bahamas-at-carnival-corporation-4371200542,Electrician - (Princess Cays - Bahamas),Carnival Corporation,posted,2026-07-11T20:52:43.695011,145
885248da700efb4e,https://bs.linkedin.com/jobs/view/assistant-marine-technician-half-moon-cay-bahamas-at-relaxaway-half-moon-cay-4411675390,Assistant Marine Technician - (Half Moon Cay - Bahamas),,scraped,2026-07-11T20:52:46.288033,
e7af46827045aa29,https://bs.linkedin.com/jobs/view/horseback-riding-tour-guide-half-moon-cay-bahamas-at-relaxaway-half-moon-cay-4412127211,Horseback Riding Tour Guide - (Half Moon Cay - Bahamas),,scraped,2026-07-11T20:52:58.408252,
a09de37768143397,https://bs.linkedin.com/jobs/view/tram-attendant-half-moon-cay-bahamas-at-relaxaway-half-moon-cay-4439122720,Tram Attendant - (Half Moon Cay - Bahamas),,scraped,2026-07-13T20:03:45.107468,
6c2b991f64d4bce0,https://bs.linkedin.com/jobs/view/activities-coordinator-celebration-key-bahamas-at-celebration-key-grand-bahama-4411668663,Activities Coordinator - (Celebration Key - Bahamas),Celebration Key Grand Bahama,posted,2026-07-13T20:04:34.859578,147
16ff8ae4a8338e97,https://bs.linkedin.com/jobs/view/senior-engineer-protection-control-at-bahamas-grid-company-4439565755,"Senior Engineer, Protection & Control",Bahamas Grid Company,posted,2026-07-13T20:04:53.806788,149
55419b5ec6b94419,https://bs.linkedin.com/jobs/view/fund-accounting-specialist-at-transformational-consulting-group-4440080934,FUND ACCOUNTING SPECIALIST,,scraped,2026-07-13T20:04:56.459676,
f2ec7a0bd7a95586,https://bs.linkedin.com/jobs/view/head-of-computing-at-king-s-college-school-the-bahamas-4440034662,Head of Computing,"King's College School, The Bahamas",posted,2026-07-13T20:05:20.890071,151
c32259c4b8d66893,https://bs.linkedin.com/jobs/view/portfolio-manager-capital-markets-at-rbc-4439795296,Portfolio Manager - Capital Markets,,scraped,2026-07-13T20:05:27.555068,
8a59474c840c3250,https://bs.linkedin.com/jobs/view/guest-services-attendant-half-moon-cay-bahamas-at-carnival-corporation-4403549523,Guest Services Attendant (Half Moon Cay - Bahamas),Carnival Corporation,posted,2026-07-13T20:05:41.902052,153
f9b8fe36f3214ec1,https://bs.linkedin.com/jobs/view/tour-guide-half-moon-cay-bahamas-at-relaxaway-half-moon-cay-4439114786,Tour Guide - (Half Moon Cay - Bahamas),,scraped,2026-07-13T20:05:44.355760,
cbea1b6bceee4af4,https://bs.linkedin.com/jobs/view/warehouse-inventory-clerk-at-caribbean-bottling-company-bahamas-ltd-4437695350,Warehouse Inventory Clerk,,scraped,2026-07-15T18:47:53.572804,
6f6223e4acf5c15f,https://bs.linkedin.com/jobs/view/landscaper-half-moon-cay-bahamas-at-carnival-corporation-4403843696,Landscaper - (Half Moon Cay - Bahamas),Carnival Corporation,posted,2026-07-15T18:48:16.158362,155
5811c6f47011314e,https://bs.linkedin.com/jobs/view/utility-technician-half-moon-cay-bahamas-at-relaxaway-half-moon-cay-4372227332,Utility Technician - (Half Moon Cay - Bahamas),,scraped,2026-07-15T18:48:20.780729,
ced9a1a7e06703bb,https://bs.linkedin.com/jobs/view/water-safety-specialist-i-at-four-seasons-4432044290,Water Safety Specialist I,Four Seasons,posted,2026-07-15T18:48:38.405074,157
e09c8c796ebd550c,https://bs.linkedin.com/jobs/view/food-service-specialist-at-amentum-4440312626,Food Service Specialist,Amentum,posted,2026-07-15T18:48:51.914473,159
f0652a93f02ad03a,https://bs.linkedin.com/jobs/view/certified-surgical-technician-per-diem-at-novamed-4440550088,Certified Surgical Technician - Per diem,Novamed,posted,2026-07-15T18:49:06.262800,161
f7e5d77a96e0ab4e,https://bs.linkedin.com/jobs/view/cabana-attendant-half-moon-cay-bahamas-at-carnival-corporation-4343435909,Cabana Attendant - (Half Moon Cay - Bahamas),Carnival Corporation,posted,2026-07-15T18:49:17.447070,163
2f313d0095717491,https://bs.linkedin.com/jobs/view/marine-pilot-trainee-at-buckeye-partners-4439915803,Marine Pilot Trainee,Buckeye Partners,posted,2026-07-15T18:49:26.363875,89
615dc93997129400,https://bs.linkedin.com/jobs/view/security-guard-hotel-1-at-four-seasons-4441218392,Security Guard (Hotel)-1,Four Seasons,posted,2026-07-15T18:49:41.882509,165
d4a5270a8f9fa0b5,https://bs.linkedin.com/jobs/view/marine-technician-at-travelopia-4411640450,Marine Technician,,scraped,2026-07-15T18:49:44.454837,
7bc2b7a71b894213,https://bs.linkedin.com/jobs/view/tour-guide-half-moon-cay-bahamas-at-relaxaway-half-moon-cay-4432211780,Tour Guide - (Half Moon Cay - Bahamas),,scraped,2026-07-15T18:49:55.491417,
a4d859909332850b,https://bs.linkedin.com/jobs/view/reverse-osmosis-ro-water-plant-operator-at-amentum-4440847072,Reverse Osmosis (RO) Water Plant Operator,Amentum,posted,2026-07-15T18:50:10.656070,167
81018a0b5420eaed,https://bs.linkedin.com/jobs/view/boat-captain-half-moon-cay-bahamas-at-carnival-corporation-4412359568,Boat Captain - Half Moon Cay (Bahamas),Carnival Corporation,posted,2026-07-15T18:50:24.584476,169
2b76b85c4abf6f40,https://bs.linkedin.com/jobs/view/fitness-female-spa-attendant-at-onespaworld-4438073924,Fitness Female  Spa Attendant,OneSpaWorld,posted,2026-07-15T18:50:38.950855,171
0976a61e9c041354,https://bs.linkedin.com/jobs/view/front-desk-concierge-at-onespaworld-4438402415,Front Desk Concierge,OneSpaWorld,posted,2026-07-17T18:41:18.671798,173
7005445e91ae45cb,https://bs.linkedin.com/jobs/view/courier-at-doctors-hospital-4441647328,COURIER,Doctors Hospital,posted,2026-07-17T18:42:05.451308,175
e0977057b0248b5d,https://bs.linkedin.com/jobs/view/accounts-clerk-receivables-at-rentokil-initial-4440985616,Accounts Clerk Receivables,,scraped,2026-07-17T18:42:08.329513,
c40864732f7af6ab,https://bs.linkedin.com/jobs/view/credit-collection-officer-at-doctors-hospital-4441905387,CREDIT & COLLECTION OFFICER,Doctors Hospital,posted,2026-07-17T18:42:59.428536,177
2c89be0d1ead4ccf,https://bs.linkedin.com/jobs/view/customer-service-specialist-at-cable-bahamas-ltd-4437693692,Customer Service Specialist,Cable Bahamas Ltd.,posted,2026-07-17T18:43:46.942124,179
75ac8e7fefb7ac8f,https://bs.linkedin.com/jobs/view/supervisor-a-de-fluxo-log%C3%ADstico-s%C3%A3o-paulo-at-l-or%C3%A9al-4440289376,Supervisor (a) de Fluxo Logístico - São Paulo,,scraped,2026-07-17T18:43:49.594257,
f5e96246ba4cf157,https://bs.linkedin.com/jobs/view/idb-invest-caribbean-countries-regional-lead-officer-upstream-pre-investment-at-idb-invest-4438775086,IDB Invest - Caribbean Countries Regional Lead Officer (Upstream/Pre-investment),IDB Invest,posted,2026-07-17T18:44:06.963360,181
ef9dcce5f8cb9098,https://bs.linkedin.com/jobs/view/female-spa-attendant-at-onespaworld-4438074847,Female  Spa Attendant,OneSpaWorld,posted,2026-07-17T18:44:16.172333,183
ece79f5ccae48872,https://bs.linkedin.com/jobs/view/financial-controller-at-scales-and-associates-4440006869,Financial Controller,,scraped,2026-07-17T18:44:18.661841,
d90daf14ac8ba0e8,https://bs.linkedin.com/jobs/view/head-of-accounting-tax-and-compliance-at-the-bahamas-telecommunications-company-btc-business-4440294269,"Head of Accounting, Tax and Compliance",,scraped,2026-07-17T18:44:25.054123,
1f957b4f376a3268,https://bs.linkedin.com/jobs/view/certified-surgical-technician-full-time-at-novamed-4440536721,Certified Surgical Technician - Full time,Novamed,posted,2026-07-17T18:44:37.635909,185
d68c8e02e6269889,https://bs.linkedin.com/jobs/view/senior-vice-president-casino-operations-at-atlantis-bahamas-4441408300,Senior Vice President Casino Operations,,scraped,2026-07-17T18:44:40.450203,
ecb2e7be1a88d3fb,https://bs.linkedin.com/jobs/view/chief-operations-officer-senior-official-ii-at-capital-com-4438346692,"Chief Operations Officer, Senior Official II",,scraped,2026-07-17T18:44:46.882674,
c397dbb29842957d,https://bs.linkedin.com/jobs/view/executive-chef-boutique-luxury-resort-and-marina-at-keller-executive-search-4442105603,"Executive Chef, Boutique Luxury Resort and Marina",Keller Executive Search,posted,2026-07-17T18:44:56.804429,38
9ce9f3d50ce04dc8,https://bs.linkedin.com/jobs/view/senior-executive-chef-for-our-well-respected-usa-hotel-brand-who-owns-and-manages-numerous-resorts-hotels-in-the-caribbean-requires-an-excellent-at-renard-international-hospitality-search-consultants-4439909392,Senior Executive Chef for our well-respected USA Hotel Brand who owns and manages numerous Resorts / Hotels in the Caribbean requires an excellent,,scraped,2026-07-17T18:44:59.390374,
70bae7caa5fa6677,https://bs.linkedin.com/jobs/view/intern-treasury-at-vigil-4440669109,"Intern, Treasury",Vigil,posted,2026-07-17T18:45:13.626967,187
40bc5249e361dc41,https://bs.linkedin.com/jobs/view/heavy-equipment-technician-ii-at-amentum-4441258601,Heavy Equipment Technician II,Amentum,posted,2026-07-17T18:45:29.023047,189
bc31d5c8ee907be6,https://bs.linkedin.com/jobs/view/heavy-equipment-technician-iii-at-amentum-4441262341,Heavy Equipment Technician III,Amentum,posted,2026-07-17T18:45:38.585671,191
7a6a1c3846701bbc,https://bs.linkedin.com/jobs/view/idb-invest-investment-management-analyst-or-associates-talent-pool-at-idb-invest-4430268091,IDB Invest - Investment Management Analyst or Associates - Talent Pool,IDB Invest,posted,2026-07-17T18:45:48.162145,193
45c3043e1952fb16,https://bs.linkedin.com/jobs/view/sous-chef-at-amentum-4440307811,Sous Chef,Amentum,posted,2026-07-17T18:45:57.461783,195
9bdcd53137f7a507,https://bs.linkedin.com/jobs/view/fso-tax-wealth-asset-management-gcr-staff-at-ey-4440299615,FSO Tax - Wealth & Asset Management/GCR - Staff,EY,posted,2026-07-17T18:46:08.467673,197
1a83ab45d929d07f,https://bs.linkedin.com/jobs/view/fso-tax-salt-senior-at-ey-4410636707,FSO Tax - SALT - Senior,EY,posted,2026-07-17T18:46:19.146802,199
8c68af4366c0a639,https://bs.linkedin.com/jobs/view/mechanical-technician-celebration-key-bahamas-at-carnival-corporation-4442472626,Mechanical Technician - (Celebration Key - Bahamas),Carnival Corporation,posted,2026-07-19T18:14:18.940572,201
d44e6c59ac5d5ef4,https://bs.linkedin.com/jobs/view/landscaper-princess-cays-bahamas-at-carnival-corporation-4405819075,Landscaper - (Princess Cays - Bahamas),Carnival Corporation,posted,2026-07-19T18:14:26.658534,203
ba3dea76d08d92e9,https://bs.linkedin.com/jobs/view/water-safety-specialist-at-four-seasons-4433531072,Water Safety Specialist,Four Seasons,posted,2026-07-19T18:14:41.048877,205
29cb5b9f4adaa097,https://bs.linkedin.com/jobs/view/yacht-cleaner-at-travelopia-4442169466,Yacht Cleaner,,scraped,2026-07-19T18:14:47.616172,
f27fc8e26a56a271,https://bs.linkedin.com/jobs/view/cleaning-supervisor-at-travelopia-4442179270,Cleaning Supervisor,,scraped,2026-07-19T18:15:05.064960,
e800fa031d6d1279,https://bs.linkedin.com/jobs/view/pharmacist-pt-fuze-rx-at-fuze-health-4442475477,Pharmacist PT- Fuze Rx,Fuze Health,posted,2026-07-19T18:15:18.407233,207
31d7201c495d556d,https://bs.linkedin.com/jobs/view/content-safety-specialist-intermediate-ai-community-at-telus-digital-ai-data-solutions-4440048180,Content Safety Specialist- Intermediate (AI Community),TELUS Digital AI Data Solutions,posted,2026-07-19T18:15:26.108088,209
68c3a3eab8b0f270,https://bs.linkedin.com/jobs/view/plumber-technician-half-moon-cay-bahamas-at-carnival-corporation-4403541668,Plumber Technician (Half Moon Cay - Bahamas),Carnival Corporation,posted,2026-07-19T18:15:36.203499,211
51868be460c69bf2,https://bs.linkedin.com/jobs/view/fso-tax-real-estate-manager-at-ey-4410625774,FSO Tax - Real Estate - Manager,EY,posted,2026-07-19T18:15:46.699157,213
8b26faf7586f8712,https://bs.linkedin.com/jobs/view/fso-tax-salt-senior-manager-at-ey-4410633726,FSO Tax - SALT - Senior Manager,EY,posted,2026-07-19T18:15:56.853330,215
438f477155cf6ffa,https://bs.linkedin.com/jobs/view/fso-tax-wealth-asset-management-gcr-senior-manager-at-ey-4410634715,FSO Tax - Wealth & Asset Management/GCR - Senior Manager,EY,posted,2026-07-19T18:16:07.847480,217
42b0848ed5651c28,https://bs.linkedin.com/jobs/view/fso-tax-real-estate-senior-manager-at-ey-4410628761,FSO Tax - Real Estate - Senior Manager,EY,posted,2026-07-19T18:16:18.714438,219
58be6a74ab1b9759,https://bs.linkedin.com/jobs/view/payroll-specialist-at-sysco-bahamas-4442688408,Payroll Specialist,,scraped,2026-07-21T20:08:14.811813,
3bfa9610b8f22025,https://bs.linkedin.com/jobs/view/lifeguard-celebration-key-bahamas-at-carnival-corporation-4375481089,Lifeguard - (Celebration Key - Bahamas),Carnival Corporation,posted,2026-07-21T20:08:32.943002,221
8e45e180431f132d,https://bs.linkedin.com/jobs/view/public-area-attendant-at-four-seasons-4425630810,Public Area Attendant,Four Seasons,posted,2026-07-21T20:08:46.617306,223
9540df010eec8035,https://bs.linkedin.com/jobs/view/tour-guide-half-moon-cay-bahamas-at-relaxaway-half-moon-cay-4405299346,Tour Guide - (Half Moon Cay - Bahamas),,scraped,2026-07-21T20:08:55.221693,
5672c0a3f16481c0,https://bs.linkedin.com/jobs/view/plumber-royal-beach-club-at-royal-caribbean-international-4440769885,"Plumber, Royal Beach Club",Royal Caribbean International,posted,2026-07-21T20:09:08.379610,225
1758c2523875641f,https://bs.linkedin.com/jobs/view/business-development-manager-caribbean-at-vencora-4441457925,Business Development Manager - Caribbean,,scraped,2026-07-21T20:09:10.973692,
cb099cfa1334ca3a,https://bs.linkedin.com/jobs/view/assistant-technical-manager-royal-beach-club-at-royal-caribbean-international-4442650550,"Assistant Technical Manager, Royal Beach Club",Royal Caribbean International,posted,2026-07-21T20:09:26.176822,227
425051b80390a794,https://bs.linkedin.com/jobs/view/quantitative-researcher-at-bourne-search-ltd-4443390985,Quantitative Researcher,Bourne Search Ltd,posted,2026-07-21T20:09:35.095450,229
5a31974702857a2a,https://bs.linkedin.com/jobs/view/independent-travel-agent-at-luxe-sola-travel-4442431345,Independent Travel Agent,,scraped,2026-07-21T20:09:37.620238,
1624e61459cd7270,https://bs.linkedin.com/jobs/view/several-teaching-roles-bahamians-residents-only-at-boost-academy-boost-educational-services-4442475472,Several Teaching Roles BAHAMIANS/RESIDENTS ONLY,,scraped,2026-07-21T20:09:43.724261,
fe54a289be52b2e6,https://bs.linkedin.com/jobs/view/it-support-technician-at-amentum-4434089292,IT Support Technician,Amentum,posted,2026-07-21T20:09:56.283210,231
6f1534dd51886757,https://bs.linkedin.com/jobs/view/kids-for-all-seasons-attendant-at-four-seasons-4425924247,Kids For All Seasons Attendant,Four Seasons,posted,2026-07-21T20:10:08.990988,233
454f76f78334c348,https://bs.linkedin.com/jobs/view/housekeeping-attendant-half-moon-cay-bahamas-at-carnival-corporation-4443514663,Housekeeping Attendant - (Half Moon Cay - Bahamas),Carnival Corporation,posted,2026-07-21T20:10:16.835544,235
7426b660ffa29fdd,https://bs.linkedin.com/jobs/view/explosive-safety-specialist-at-amentum-4421225829,Explosive Safety Specialist,Amentum,posted,2026-07-21T20:10:25.769772,237
3cd608d941a042d0,https://bs.linkedin.com/jobs/view/tracking-controller-in-air-in-water-systems-at-amentum-4434030617,Tracking Controller (In Air/In Water Systems),Amentum,posted,2026-07-21T20:10:36.765886,239
40a1c145d9accd54,https://bs.linkedin.com/jobs/view/marine-operations-manager-marine-engineer-4442546315,Marine Operations Manager / Marine Engineer,Musha Cay,posted,2026-07-21T20:10:44.556819,241
9a7320905edf43b2,https://bs.linkedin.com/jobs/view/tracking-controller-in-air-in-water-systems-at-amentum-4442168427,Tracking Controller (In Air/In Water Systems),Amentum,scraped,2026-07-21T20:10:48.590639,
7cdd562e3ecf0c50,https://bs.linkedin.com/jobs/view/lifeguard-princess-cays-bahamas-at-carnival-corporation-4405800954,Lifeguard - (Princess Cays - Bahamas),Carnival Corporation,posted,2026-07-21T20:10:56.769573,243
655e7c04c2073a4c,https://bs.linkedin.com/jobs/view/cooking-assistant-at-amentum-4418012407,Cooking Assistant,Amentum,posted,2026-07-21T20:11:01.515653,52
0c12822e672424db,https://bs.linkedin.com/jobs/view/support-staff-goose-island-salt-shed-at-anheuser-busch-4385321726,Support Staff - Goose Island Salt Shed,Anheuser-Busch,posted,2026-07-21T20:11:10.052238,245
03a25792015e48d3,https://bs.linkedin.com/jobs/view/staffing-scheduling-assistant-at-doctors-hospital-4443711560,STAFFING & SCHEDULING ASSISTANT,Doctors Hospital,failed|wp_post_failed,2026-07-23T18:55:26.451325,
8d12811c37b45a6f,https://bs.linkedin.com/jobs/view/relationship-coach-at-lifttalk-com-4442724929,Relationship Coach,,scraped,2026-07-23T18:55:29.044519,
271c98eadcf15121,https://bs.linkedin.com/jobs/view/associate-director-%E2%80%93-hr-operations-hris-total-rewards-at-doctors-hospital-4444458000,"ASSOCIATE DIRECTOR – HR OPERATIONS, HRIS & TOTAL REWARDS",Doctors Hospital,failed|wp_post_failed,2026-07-23T18:56:19.004086,
80d9bc3c8fdd000f,https://bs.linkedin.com/jobs/view/handyman-technician-needed-at-fixtman-llc-4442729682,Handyman/Technician Needed,fixTman LLC,failed|wp_post_failed,2026-07-23T18:56:26.528792,
ac292b9f030a764b,https://bs.linkedin.com/jobs/view/airbnb-luxe-home-consultant-exuma-islands-at-upwork-4432647452,Airbnb Luxe Home Consultant - Exuma Islands,Upwork,failed|wp_post_failed,2026-07-23T18:56:34.900696,
f8860a689a4dd1b1,https://bs.linkedin.com/jobs/view/dispatcher-representative-native-english-caribbean-latam-remote-at-geeks-on-site-4444449447,Dispatcher Representative (Native English - Caribbean & LATAM) - Remote,Geeks on Site,failed|wp_post_failed,2026-07-23T18:56:42.269377,
40e438794e9c12d2,https://bs.linkedin.com/jobs/view/mystic-coach-at-lifttalk-com-4442727715,Mystic Coach,,scraped,2026-07-23T18:56:45.040711,
4c3beb5b8d246d38,https://bs.linkedin.com/jobs/view/assistant-store-manager-partyland-retail-at-john-bull-ltd-4443384553,Assistant Store Manager Partyland/Retail,,scraped,2026-07-23T18:56:51.508554,
6916ad07b7819f36,https://bs.linkedin.com/jobs/view/service-office-administrator-at-awaze-4443129215,Service Office Administrator,Awaze,failed|wp_post_failed,2026-07-23T18:57:06.379170,
822e7312000f104f,https://bs.linkedin.com/jobs/view/security-officer-half-moon-cay-bahamas-at-relaxaway-half-moon-cay-4444493710,Security Officer - (Half Moon Cay - Bahamas),,scraped,2026-07-23T18:57:14.954968,
b557acd47057d091,https://bs.linkedin.com/jobs/view/the-bahamas-are-being-eaten-alive-by-failed-real-estate-at-capital-frontiers-4444404826,The Bahamas Are Being Eaten Alive by Failed Real Estate,Capital Frontiers,failed|wp_post_failed,2026-07-23T18:57:28.390146,
05638cb1ef75cd00,https://bs.linkedin.com/jobs/view/fire-marshall-at-amentum-4443580023,Fire Marshall,Amentum,failed|wp_post_failed,2026-07-23T18:57:37.016726,
7cc0ce634add102a,https://bs.linkedin.com/jobs/view/mate-half-moon-cay-bahamas-at-relaxaway-half-moon-cay-4444490905,Mate - (Half Moon Cay - Bahamas),,scraped,2026-07-23T18:57:41.620963,
9f0f5095787ced15,https://bs.linkedin.com/jobs/view/fso-tax-wealth-asset-management-gcr-senior-at-ey-4410621779,FSO Tax - Wealth & Asset Management/GCR - Senior,EY,failed|wp_post_failed,2026-07-23T18:58:00.032673,
fc76e7cae8b6d798,https://bs.linkedin.com/jobs/view/acoustic-engineering-technician-ii-at-amentum-4434034445,Acoustic Engineering Technician II,Amentum,failed|wp_post_failed,2026-07-23T18:58:08.676895,
c601d81a85090065,https://bs.linkedin.com/jobs/view/fso-tax-salt-manager-at-ey-4410642150,FSO Tax - SALT - Manager,EY,failed|wp_post_failed,2026-07-23T18:58:18.620385,
b941522faf589b94,https://bs.linkedin.com/jobs/view/plumber-celebration-key-bahamas-at-carnival-corporation-4349386138,Plumber - (Celebration Key - Bahamas),Carnival Corporation,failed|wp_post_failed,2026-07-23T18:58:28.986942,
aee2933792e4d7d6,https://bs.linkedin.com/jobs/view/whe-crane-technician-at-amentum-4425903400,WHE Crane Technician,Amentum,failed|wp_post_failed,2026-07-23T18:58:37.675627,
74129b270abe8426,https://bs.linkedin.com/jobs/view/safety-health-officer-at-agiliss-4444688657,Safety & Health Officer,,scraped,2026-07-25T18:13:35.199585,
b7e915f3bb619615,https://bs.linkedin.com/jobs/view/supply-chain-manager-at-agiliss-4444682675,Supply Chain Manager,,scraped,2026-07-25T18:13:42.240144,
3566472bce9d207f,https://bs.linkedin.com/jobs/view/procurement-officer-at-agiliss-4444681683,Procurement Officer,,scraped,2026-07-25T18:13:53.477234,
cda67f05d54bce92,https://bs.linkedin.com/jobs/view/category-coordinator-at-agiliss-4444673739,Category Coordinator,,scraped,2026-07-25T18:14:04.368813,
124cbfab02b9ab77,https://bs.linkedin.com/jobs/view/rtw-driver-at-parkland-corporation-4440417469,RTW Driver,,scraped,2026-07-25T18:14:11.364512,
7b8caa06c15ddb7c,https://bs.linkedin.com/jobs/view/fire-marshall-at-amentum-4444976575,Fire Marshall,Amentum,posted,2026-07-25T18:14:39.438929,247
fbbcb8ed5f5952dd,https://bs.linkedin.com/jobs/view/sr-analyst-operations-performance-analytics-celebration-key-bahamas-at-carnival-corporation-4442754677,"Sr. Analyst, Operations & Performance Analytics - (Celebration Key - Bahamas)",Carnival Corporation,posted,2026-07-25T18:14:50.838759,249
bd3f62f29a7b2364,https://bs.linkedin.com/jobs/view/message-center-lead-at-amentum-4444979343,Message Center Lead,Amentum,posted,2026-07-25T18:15:00.738386,251
71ad77332faf5e3c,https://bs.linkedin.com/jobs/view/landscaping-supervisor-half-moon-cay-bahamas-at-relaxaway-half-moon-cay-4375119866,Landscaping Supervisor - (Half Moon Cay - Bahamas),,scraped,2026-07-25T18:15:03.446473,
15eff6b0c0dbf4e3,https://bs.linkedin.com/jobs/view/food-beverage-attendant-half-moon-cay-bahamas-at-relaxaway-half-moon-cay-4444499359,Food & Beverage Attendant - (Half Moon Cay - Bahamas),,scraped,2026-07-25T18:15:09.575283,
4bed4b6585d762a1,https://bs.linkedin.com/jobs/view/senior-private-banker-caribbean-market-at-pictet-group-4444008154,Senior Private Banker (Caribbean Market),,scraped,2026-07-25T18:15:15.821477,
42cf605636b41c70,https://bs.linkedin.com/jobs/view/food-beverage-attendant-half-moon-cay-bahamas-at-relaxaway-half-moon-cay-4444015991,Food & Beverage Attendant - (Half Moon Cay - Bahamas),,scraped,2026-07-25T18:15:24.601817,
0c1a6437d9e94cf6,https://bs.linkedin.com/jobs/view/lifeguard-supervisor-half-moon-cay-bahamas-at-relaxaway-half-moon-cay-4444498413,Lifeguard Supervisor - (Half Moon Cay - Bahamas),,scraped,2026-07-25T18:15:30.701214,
8ecc6b29bf21cdc4,https://bs.linkedin.com/jobs/view/security-officer-half-moon-cay-bahamas-at-relaxaway-half-moon-cay-4444015992,Security Officer - (Half Moon Cay - Bahamas),,scraped,2026-07-25T18:15:36.852303,
2bb075ebf34b560d,https://bs.linkedin.com/jobs/view/landscaping-supervisor-half-moon-cay-bahamas-at-relaxaway-half-moon-cay-4373668714,Landscaping Supervisor - (Half Moon Cay - Bahamas),,scraped,2026-07-25T18:15:42.783894,
0a455619a6abe5b5,https://bs.linkedin.com/jobs/view/district-manager-central-eleuthera-at-paradise-games-bahamas-ltd-4445671541,District Manager (Central Eleuthera),,scraped,2026-07-27T20:11:31.770615,
439c8fc113e1dbbc,https://bs.linkedin.com/jobs/view/patient-connections-manager-future-of-cancer-care-today-fcct-at-eql-tech-frontier-talent-4445254979,Patient Connections Manager - Future of Cancer Care Today (FCCT),EQL Tech (frontier talent),posted,2026-07-27T20:11:47.583826,253
76ddfadf78cc2d32,https://bs.linkedin.com/jobs/view/public-works-laborer-at-town-of-freeport-maine-4444804766,Public Works Laborer,"Town of Freeport, Maine",posted,2026-07-27T20:12:00.938156,255
bbcf15c3da6572d8,https://bs.linkedin.com/jobs/view/corporate-english-trainer-spanish-bilingual-at-gofluent-4443822215,Corporate English Trainer (Spanish Bilingual),,scraped,2026-07-27T20:12:09.575283,
432e654bb5b9af85,https://bs.linkedin.com/jobs/view/manager-electrical-instrumentation-at-buckeye-partners-4444377197,"Manager, Electrical & Instrumentation",Buckeye Partners,posted,2026-07-27T20:12:24.454138,257
82998bf43d1391f0,https://bs.linkedin.com/jobs/view/cabana-manager-at-royal-caribbean-international-4442659699,Cabana Manager,Royal Caribbean International,posted,2026-07-27T20:12:35.809176,259
02cdbcf115185912,https://bs.linkedin.com/jobs/view/programmer-at-damco-solutions-4445247716,Programmer,Damco Solutions,posted,2026-07-27T20:12:44.997410,261
e281478dd8a42e9e,https://bs.linkedin.com/jobs/view/mental-health-counselor-at-telus-health-4443524944,Mental Health Counselor,,scraped,2026-07-27T20:12:47.571314,
cb6956ffc263d4a1,https://bs.linkedin.com/jobs/view/senior-it-infrastructure-manager-at-damco-solutions-4445255872,Senior IT Infrastructure Manager,Damco Solutions,posted,2026-07-27T20:13:01.237895,263
16a5a609632e66d0,https://bs.linkedin.com/jobs/view/guest-services-shorex-supervisor-celebration-key-bahamas-at-carnival-corporation-4445336796,Guest Services & Shorex Supervisor - (Celebration Key - Bahamas),Carnival Corporation,posted,2026-07-27T20:13:10.467701,265
34f7acd512af7792,https://bs.linkedin.com/jobs/view/cabana-attendant-half-moon-cay-bahamas-at-relaxaway-half-moon-cay-4444706259,Cabana Attendant - (Half Moon Cay - Bahamas),,scraped,2026-07-27T20:13:13.066274,
2069f2fe5e7f7e58,https://bs.linkedin.com/jobs/view/guest-services-attendant-celebration-key-bahamas-at-carnival-corporation-4445337752,Guest Services Attendant - (Celebration Key - Bahamas),Carnival Corporation,posted,2026-07-27T20:13:25.570925,267
a9827a5e235c5835,https://bs.linkedin.com/jobs/view/middle-school-world-language-teacher-spanish-french-at-country-day-school-a-nord-anglia-education-school-4444034290,Middle School World Language Teacher- Spanish & French,Country Day School. A Nord Anglia Education School,posted,2026-07-27T20:13:37.052545,269
3defef9397aeca3c,https://bs.linkedin.com/jobs/view/associate-corporate-counsel-at-cable-bahamas-ltd-4441080226,Associate Corporate Counsel,,scraped,2026-07-27T20:13:39.789841,
e419ac142f288d4f,https://bs.linkedin.com/jobs/view/tour-guide-half-moon-cay-bahamas-at-relaxaway-half-moon-cay-4444381005,Tour Guide - (Half Moon Cay - Bahamas),,scraped,2026-07-27T20:13:47.231478,
c318503970231c62,https://bs.linkedin.com/jobs/view/tour-guide-half-moon-cay-bahamas-at-relaxaway-half-moon-cay-4444021523,Tour Guide - (Half Moon Cay - Bahamas),,scraped,2026-07-27T20:13:53.249843,
b3c26d9513c84d36,https://bs.linkedin.com/jobs/view/technician-3-at-sunbelt-rentals-inc-4445235146,Technician 3,"Sunbelt Rentals, Inc.",posted,2026-07-27T20:14:01.654558,32
781e5892910edd49,https://bs.linkedin.com/jobs/view/retail-salesperson-4445975547,Retail Salesperson,Pretty Persuasions,posted,2026-07-27T20:14:09.775718,271
f28f23b9fa8d1766,https://bs.linkedin.com/jobs/view/assistant-food-and-beverage-manager-half-moon-cay-bahamas-at-relaxaway-half-moon-cay-4444711114,Assistant Food and Beverage Manager - (Half Moon Cay - Bahamas),,scraped,2026-07-27T20:14:12.368021,
1c14851ddf5cd1de,https://bs.linkedin.com/jobs/view/assistant-food-and-beverage-manager-half-moon-cay-bahamas-at-relaxaway-half-moon-cay-4444025509,Assistant Food and Beverage Manager - (Half Moon Cay - Bahamas),,scraped,2026-07-27T20:14:18.379388,
51ebc1ed3a6701e7,https://bs.linkedin.com/jobs/view/guest-services-attendant-half-moon-cay-bahamas-at-relaxaway-half-moon-cay-4444037343,Guest Services Attendant - (Half Moon Cay - Bahamas),,scraped,2026-07-27T20:14:24.421958,
a42adb0b54c5a9f4,https://bs.linkedin.com/jobs/view/head-of-accounting-tax-compliance-at-the-bahamas-telecommunications-company-btc-business-4443433711,"Head of Accounting, Tax & Compliance",,scraped,2026-07-27T20:14:36.758125,
d1881475b8905133,https://bs.linkedin.com/jobs/view/cook-half-moon-cay-bahamas-at-relaxaway-half-moon-cay-4444495563,Cook - (Half Moon Cay - Bahamas),,scraped,2026-07-27T20:14:43.850623,
f3fddeed58e3948a,https://bs.linkedin.com/jobs/view/facilities-analyst-ii-at-amentum-4444962965,Facilities Analyst II,Amentum,posted,2026-07-27T20:14:57.080572,273
145fafeb87a81c87,https://bs.linkedin.com/jobs/view/lifeguard-supervisor-half-moon-cay-bahamas-at-relaxaway-half-moon-cay-4444028486,Lifeguard Supervisor - (Half Moon Cay - Bahamas),,scraped,2026-07-27T20:15:03.526772,
162539fed459de9b,https://bs.linkedin.com/jobs/view/reverse-osmosis-ro-water-plant-operator-at-amentum-4444963877,Reverse Osmosis (RO) Water Plant Operator,Amentum,posted,2026-07-27T20:15:11.974828,167
99923b83384f956c,https://bs.linkedin.com/jobs/view/cook-half-moon-cay-bahamas-at-relaxaway-half-moon-cay-4444028485,Cook - (Half Moon Cay - Bahamas),,scraped,2026-07-27T20:15:14.489286,
202df479e3067134,https://bs.linkedin.com/jobs/view/plumbing-technician-half-moon-cay-bahamas-at-relaxaway-half-moon-cay-4444490904,Plumbing Technician - (Half Moon Cay - Bahamas),,scraped,2026-07-27T20:15:20.697829,
a7b5381debc78b1e,https://bs.linkedin.com/jobs/view/launch-and-recovery-technician-i-at-amentum-4444971655,Launch and Recovery Technician I,Amentum,posted,2026-07-27T20:15:29.326844,26
da07bcd64717791a,https://bs.linkedin.com/jobs/view/mk-30-underwater-target-technician-i-at-amentum-4444977562,MK-30 Underwater Target Technician I,Amentum,posted,2026-07-27T20:15:34.229350,54
6a8cdfcb6eeffa19,https://bs.linkedin.com/jobs/view/mk-30-underwater-target-technician-i-at-amentum-4444974537,MK-30 Underwater Target Technician I,Amentum,scraped,2026-07-27T20:15:38.518894,
4edd55f2f22011a2,https://bs.linkedin.com/jobs/view/plumbing-technician-half-moon-cay-bahamas-at-relaxaway-half-moon-cay-4444018616,Plumbing Technician - (Half Moon Cay - Bahamas),,scraped,2026-07-27T20:15:40.984679,
c09939bb6668a145,https://bs.linkedin.com/jobs/view/diver-at-amentum-4444972606,Diver,Amentum,posted,2026-07-27T20:15:49.472355,28
354eb00e379643be,https://bs.linkedin.com/jobs/view/underwater-target-mk-30-battery-shop-leader-at-amentum-4444982221,Underwater Target MK-30 Battery Shop Leader,Amentum,posted,2026-07-27T20:15:58.855607,275
11eb2aaf786a10d5,https://bs.linkedin.com/jobs/view/heavy-equipment-technician-ii-at-amentum-4444984104,Heavy Equipment Technician II,Amentum,posted,2026-07-27T20:16:03.647635,189
5a2686a8fa29b91d,https://bs.linkedin.com/jobs/view/crane-technician-at-amentum-4444972723,Crane Technician,Amentum,posted,2026-07-27T20:16:08.427537,56
e3bfe5bb52af7769,https://bs.linkedin.com/jobs/view/acoustic-engineering-technician-ii-at-amentum-4444979377,Acoustic Engineering Technician II,Amentum,posted,2026-07-27T20:16:17.974735,277
47f67eb82592c12a,https://bs.linkedin.com/jobs/view/retail-store-cashier-at-amentum-4444971805,Retail Store Cashier,Amentum,posted,2026-07-27T20:16:39.472338,279
e1cc4dd2d3bb7892,https://bs.linkedin.com/jobs/view/courtney-shires-at-trs-investments-llc-4444866595,Courtney Shires,TRS Investments LLC,posted,2026-07-27T20:16:49.492925,281
5971c08ad7cd2714,https://bs.linkedin.com/jobs/view/adam-hallet-at-trs-investments-llc-4444859597,Adam Hallet,TRS Investments LLC,posted,2026-07-27T20:16:58.686483,283
30c408fbbabf2323,https://bs.linkedin.com/jobs/view/ship-to-shore-technician-celebration-key-bahamas-at-carnival-corporation-4446816939,Ship-to-Shore Technician - (Celebration Key - Bahamas),Carnival Corporation,posted,2026-07-29T18:42:12.215430,285
545b381264e0dc8b,https://bs.linkedin.com/jobs/view/pension-benefits-delivery-administrator-caribbean-at-rbc-4446353524,Pension & Benefits Delivery Administrator Caribbean,,scraped,2026-07-29T18:42:20.828656,
37287375af695496,https://bs.linkedin.com/jobs/view/experience-coordinator-at-the-abaco-club-4445773136,Experience Coordinator,The Abaco Club,posted,2026-07-29T18:42:41.692370,287
3bc62ca101341f59,https://bs.linkedin.com/jobs/view/housekeeping-attendant-princess-cay-bahamas-at-carnival-corporation-4408523173,Housekeeping Attendant - (Princess Cay - Bahamas),Carnival Corporation,posted,2026-07-29T18:42:51.527384,289
508c0b940c5a07d6,https://bs.linkedin.com/jobs/view/explosive-safety-specialist-at-amentum-4444979351,Explosive Safety Specialist,Amentum,posted,2026-07-29T18:42:56.343587,237
7a21598afce8b7e1,https://bs.linkedin.com/jobs/view/food-service-specialist-at-amentum-4444976616,Food Service Specialist,Amentum,posted,2026-07-29T18:43:01.199834,159
8ef76999ba5f348e,https://bs.linkedin.com/jobs/view/tracking-controller-in-air-in-water-systems-at-amentum-4444984119,Tracking Controller (In Air/In Water Systems),Amentum,posted,2026-07-29T18:43:06.316201,239
e1a6517ade4b7c73,https://bs.linkedin.com/jobs/view/mate-half-moon-cay-bahamas-at-relaxaway-half-moon-cay-4444017688,Mate - (Half Moon Cay - Bahamas),,scraped,2026-07-29T18:43:08.783691,
1ba1a61b7ebdc202,https://bs.linkedin.com/jobs/view/heavy-equipment-technician-iii-at-amentum-4444986089,Heavy Equipment Technician III,Amentum,posted,2026-07-29T18:43:23.184837,191
46b3c6d9013d9e41,https://bs.linkedin.com/jobs/view/fso-assurance-audit-wealth-asset-management-manager-at-ey-4443622580,FSO Assurance - Audit - Wealth & Asset Management - Manager,EY,posted,2026-07-29T18:43:35.115617,291
bc24c1cbadf3eedb,https://bs.linkedin.com/jobs/view/whe-crane-technician-at-amentum-4444982288,WHE Crane Technician,Amentum,posted,2026-07-29T18:43:44.127782,293
36c696caffb7868b,https://bs.linkedin.com/jobs/view/sous-chef-at-amentum-4444975518,Sous Chef,Amentum,posted,2026-07-29T18:43:48.838077,195
fe9ff62a1186b0a4,https://bs.linkedin.com/jobs/view/accounts-associate-at-doctors-hospital-4447009077,ACCOUNTS ASSOCIATE,Doctors Hospital,posted,2026-07-31T20:14:00.602030,295
534801c741f580da,https://bs.linkedin.com/jobs/view/crew-administrator-at-royal-caribbean-group-4446917191,Crew Administrator,Royal Caribbean Group,posted,2026-07-31T20:14:09.658564,297
33e830ff4cd0e8cc,https://bs.linkedin.com/jobs/view/compliance-analyst-at-fidelity-bank-bahamas-limited-4447088573,Compliance Analyst,,scraped,2026-07-31T20:14:12.315933,
552cff86c936fcaf,https://bs.linkedin.com/jobs/view/island-second-steward-bahamas-at-the-walt-disney-company-4445448811,Island Second Steward - Bahamas,The Walt Disney Company,posted,2026-07-31T20:14:23.023037,48
bcf833caacfb6ae5,https://bs.linkedin.com/jobs/view/island-second-steward-bahamas-at-disney-cruise-line-4445453521,Island Second Steward - Bahamas,Disney Cruise Line,posted,2026-07-31T20:14:27.549137,48
dce978b3135b4a6b,https://bs.linkedin.com/jobs/view/senior-compliance-analyst-at-pepperstone-4446768010,Senior Compliance Analyst,,scraped,2026-07-31T20:14:30.156165,
dbf47887ebed9506,https://bs.linkedin.com/jobs/view/event-coordinator-at-transformational-consulting-group-4447532536,Event Coordinator,,scraped,2026-07-31T20:14:37.034155,
8b4c696be22e7f0a,https://bs.linkedin.com/jobs/view/client-relations-specialist-at-fidelity-bank-bahamas-limited-4446850849,Client Relations Specialist,,scraped,2026-07-31T20:14:48.806245,
fe0de93c276ede69,https://bs.linkedin.com/jobs/view/retail-salesperson-4446360576,Retail Salesperson,Pretty Persuasions,posted,2026-07-31T20:14:56.658349,271
25c5a8853011dc2b,https://bs.linkedin.com/jobs/view/fso-assurance-audit-wealth-asset-management-senior-bahamas-at-ey-4443639117,FSO Assurance - Audit - Wealth & Asset Management - Senior - Bahamas,EY,posted,2026-07-31T20:15:10.391539,299
ca9dcd3090882a35,https://bs.linkedin.com/jobs/view/corporate-accountant-4446592163,Corporate Accountant,Financial Serives Industry,posted,2026-07-31T20:15:21.797638,301
ad2a2e8885b0a1fe,https://bs.linkedin.com/jobs/view/high-school-biology-teacher-at-queen-s-college-bahamas-4447273719,High School Biology Teacher,,scraped,2026-07-31T20:15:24.355544,
6b20adcf924f0ebe,https://bs.linkedin.com/jobs/view/cook-at-amentum-4447096407,Cook,Amentum,posted,2026-07-31T20:15:36.976942,303
ae04bfd3906355f8,https://bs.linkedin.com/jobs/view/accounts-associate-physician-payables-at-doctors-hospital-4446896699,ACCOUNTS ASSOCIATE - PHYSICIAN PAYABLES,Doctors Hospital,posted,2026-07-31T20:16:37.091742,305
c0a3d6916dc7b5b9,https://bs.linkedin.com/jobs/view/mk-30-underwater-target-electronics-technician-ii-at-amentum-4447097389,MK-30 Underwater Target Electronics Technician II,Amentum,posted,2026-07-31T20:16:45.811849,307
6b72d46fe52cc7d1,https://bs.linkedin.com/jobs/view/kitchen-helper-at-sivananda-ashram-yoga-retreat-bahamas-4446850184,Kitchen Helper,Sivananda Ashram Yoga Retreat Bahamas,posted,2026-08-01T18:42:06.451313,309
cd8d8b2eacda71fb,https://bs.linkedin.com/jobs/view/solid-waste-operator-at-amentum-4446847992,Solid Waste Operator,Amentum,posted,2026-08-01T18:42:18.074748,311
1da8e3520fff4dab,https://bs.linkedin.com/jobs/view/customs-broker-agent-at-dhl-express-4447201014,Customs broker agent,DHL Express,posted,2026-08-01T18:42:33.218260,313
18dbf33ae83c3bf8,https://bs.linkedin.com/jobs/view/corporate-administrator-at-fxpro-4446776314,Corporate Administrator,FxPro,posted,2026-08-01T18:42:45.635520,315
54b2c0299fbb7bf3,https://bs.linkedin.com/jobs/view/senior-sql-db-technician-at-damco-solutions-4446809032,Senior SQL DB Technician,Damco Solutions,posted,2026-08-01T18:43:11.185018,317
bddd31920d417ae9,https://bs.linkedin.com/jobs/view/vice-president-at-colina-general-insurance-agents-and-brokers-limited-4447498531,Vice President,,scraped,2026-08-01T18:43:13.870506,
0c1edd9679cb71ce,https://bs.linkedin.com/jobs/view/sr-water-treatment-systems-manager-half-moon-cay-bahamas-at-carnival-corporation-4447828015,Sr. Water Treatment Systems Manager - (Half Moon Cay - Bahamas),Carnival Corporation,posted,2026-08-01T18:43:34.308149,319
287397f47ce75871,https://bs.linkedin.com/jobs/view/middle-school-french-teacher-at-windermere-preparatory-school-4446431502,Middle School French Teacher,Windermere Preparatory School,posted,2026-08-01T18:43:42.668210,321
9477fe8b40be7a7d,https://bs.linkedin.com/jobs/view/vp-client-services-and-operations-at-colina-general-insurance-agents-and-brokers-limited-4447480867,VP - Client Services and Operations,,scraped,2026-08-03T20:39:13.142682,
e35b8aaa93d95c9d,https://bs.linkedin.com/jobs/view/island-maintenance-technician-mechanic-at-disney-cruise-line-4445468370,Island Maintenance Technician Mechanic,Disney Cruise Line,posted,2026-08-03T20:39:28.403138,323
3a6d4653db9df3e2,https://bs.linkedin.com/jobs/view/island-demi-chef-de-partie-bahamas-at-disney-cruise-line-4447252969,Island Demi Chef de Partie - Bahamas,Disney Cruise Line,posted,2026-08-03T20:39:37.575184,325
ff395bdf904a2d80,https://bs.linkedin.com/jobs/view/island-maintenance-technician-mechanic-at-the-walt-disney-company-4445463556,Island Maintenance Technician Mechanic,The Walt Disney Company,posted,2026-08-03T20:39:42.470454,323
90d5a99317cf050b,https://bs.linkedin.com/jobs/view/head-of-sports-at-king-s-college-school-the-bahamas-4417302716,Head of Sports,"King's College School, The Bahamas",posted,2026-08-03T20:39:54.189285,327
1bc4057a764336db,https://bs.linkedin.com/jobs/view/cdl-truck-driver-roll-off-at-walton-area-chamber-of-commerce-4447890168,CDL Truck Driver - Roll Off,Walton Area Chamber of Commerce,posted,2026-08-03T20:40:04.766441,329
cc2a7a9deccca828,https://bs.linkedin.com/jobs/view/assistant-housekeeping-manager-at-royal-caribbean-group-4446738056,Assistant Housekeeping Manager,Royal Caribbean Group,posted,2026-08-03T20:40:15.431030,331
f806872fddb121b9,https://bs.linkedin.com/jobs/view/dietetic-technician-grand-bahama-at-doctors-hospital-4446363720,DIETETIC TECHNICIAN-GRAND BAHAMA,Doctors Hospital,posted,2026-08-03T20:41:01.485034,333
cb3ecb0a19b350b6,https://bs.linkedin.com/jobs/view/real-estate-agent-at-chancellors-kw-bahamas-4446784408,Real Estate Agent,,scraped,2026-08-03T20:41:04.282857,
50b072d7eb8b919c,https://bs.linkedin.com/jobs/view/currency-services-representative-at-rbc-4446840454,Currency Services Representative,,scraped,2026-08-03T20:41:13.335601,
0378c60498cf7abe,https://bs.linkedin.com/jobs/view/automotive-mechanic-iii-at-amentum-4447091409,Automotive Mechanic III,Amentum,posted,2026-08-03T20:41:26.314144,335
477686827d3c3a63,https://bs.linkedin.com/jobs/view/communications-and-lab-services-manager-at-amentum-4446176536,Communications and Lab Services Manager,Amentum,posted,2026-08-03T20:41:44.282237,337
723a5a29911fdb45,https://bs.linkedin.com/jobs/view/document-controller-at-fox-group-of-companies-4448561431,Document Controller,,scraped,2026-08-05T20:39:13.571877,
b091fa8aa76eb594,https://bs.linkedin.com/jobs/view/community-management-coordinator-at-tishman-speyer-4448241207,Community Management Coordinator,Tishman Speyer,posted,2026-08-05T20:39:29.882595,339
bf07859b766d736c,https://bs.linkedin.com/jobs/view/kitchen-attendant-princess-cays-bahamas-at-carnival-corporation-4373230797,Kitchen Attendant - (Princess Cays - Bahamas),Carnival Corporation,posted,2026-08-05T20:39:43.422263,341
5713df7e161f7fda,https://bs.linkedin.com/jobs/view/explosive-safety-specialist-at-amentum-4449070182,Explosive Safety Specialist,Amentum,posted,2026-08-05T20:39:48.276830,237
1cca2ebe623290c4,https://bs.linkedin.com/jobs/view/human-resources-business-partner-at-cemex-4448043454,HUMAN RESOURCES BUSINESS PARTNER,,scraped,2026-08-05T20:39:52.892551,
09bd20235f97522d,https://bs.linkedin.com/jobs/view/senior-internal-auditor-at-cable-bahamas-ltd-4448045583,Senior Internal Auditor,Cable Bahamas Ltd.,posted,2026-08-05T20:40:44.519294,343
ef739b90300bbc54,https://bs.linkedin.com/jobs/view/treasury-manager-at-scotiabank-4447140336,Treasury Manager,,scraped,2026-08-05T20:40:47.133260,
7b7f8d4dc8ac4eda,https://bs.linkedin.com/jobs/view/lead-chef-grand-bahama-at-doctors-hospital-4447718869,LEAD CHEF- GRAND BAHAMA,Doctors Hospital,posted,2026-08-05T20:41:43.631855,345
b1df8b3facfa93fd,https://bs.linkedin.com/jobs/view/heating-air-conditioning-technician-at-cool-wave-air-conditioning-4449910445,Heating Air Conditioning Technician,Cool Wave Air Conditioning,posted,2026-08-05T20:41:52.716956,347
94dde1694fec3480,https://bs.linkedin.com/jobs/view/cook-grand-bahama-at-doctors-hospital-4447723820,COOK- GRAND BAHAMA,Doctors Hospital,posted,2026-08-05T20:42:38.962124,349
31e0b709911e6948,https://bs.linkedin.com/jobs/view/bank-policy-writer-at-make-banking-4449487315,Bank Policy Writer,,scraped,2026-08-05T20:42:43.581978,
3c72d342fbf6de44,https://bs.linkedin.com/jobs/view/human-resources-director-at-transformational-consulting-group-4449658607,Human Resources Director,,scraped,2026-08-05T20:42:49.571116,
a83df6f0106619bd,https://bs.linkedin.com/jobs/view/nail-technician-at-onespaworld-4448027253,Nail Technician,OneSpaWorld,posted,2026-08-05T20:43:05.419530,351
d54dab58c331936a,https://bs.linkedin.com/jobs/view/idb-invest-development-impact-director-real-sector-operations-at-idb-invest-4448017463,IDB Invest - Development Impact Director - Real Sector Operations,IDB Invest,posted,2026-08-05T20:43:16.198504,353
152fb001adcb3316,https://bs.linkedin.com/jobs/view/rail-replacement-coordinators-at-arriva-group-4446236724,Rail Replacement Coordinators,,scraped,2026-08-05T20:43:18.851927,
c161e9625e93d5b2,https://bs.linkedin.com/jobs/view/chief-compliance-officer-at-make-banking-4449481454,Chief Compliance Officer,,scraped,2026-08-05T20:43:25.611402,
67067f1dacd7802d,https://bs.linkedin.com/jobs/view/massage-therapist-at-onespaworld-4448012266,Massage Therapist,OneSpaWorld,posted,2026-08-05T20:43:37.587417,355
c27e0c15ab02be0e,https://bs.linkedin.com/jobs/view/rtw-driver-at-parkland-corporation-4448281640,RTW Driver,,scraped,2026-08-05T20:43:40.149426,
dfcd0814ca85f221,https://bs.linkedin.com/jobs/view/human-resources-business-partner-at-cemex-4449150114,Human Resources Business Partner,,scraped,2026-08-05T20:43:46.516128,
9a973438196f322d,https://bs.linkedin.com/jobs/view/technical-storekeeper-celebration-key-bahamas-at-carnival-corporation-4449925674,Technical Storekeeper - (Celebration Key - Bahamas),Carnival Corporation,posted,2026-08-07T16:08:59.324524,357
50c3efa287f80ddd,https://bs.linkedin.com/jobs/view/emergency-medical-dispatcher-at-doctors-hospital-4449998738,EMERGENCY MEDICAL DISPATCHER,Doctors Hospital,posted,2026-08-07T16:09:53.691732,359
badb1986ff41d830,https://bs.linkedin.com/jobs/view/reception-manager-at-sivananda-ashram-yoga-retreat-bahamas-4450725442,Reception Manager,,scraped,2026-08-07T16:09:58.264044,
a87725059dd4cfbe,https://bs.linkedin.com/jobs/view/racquets-manager-at-baker-s-bay-golf-ocean-club-4450060533,Racquets Manager,,scraped,2026-08-07T16:10:04.792257,
df916262ad8204e0,https://bs.linkedin.com/jobs/view/marine-operations-manager-at-kotug-international-4449981733,Marine Operations Manager,,scraped,2026-08-07T16:10:17.671291,
dc30d5a750980060,https://bs.linkedin.com/jobs/view/director-of-butlers-and-guest-experience-at-atlantis-bahamas-4450637735,Director of Butlers and Guest Experience,,scraped,2026-08-07T16:10:24.962794,
abbc6dedecbf6772,https://bs.linkedin.com/jobs/view/dental-assistant-4450621625,Dental Assistant,Impression Oral Health Center,posted,2026-08-07T16:10:36.662475,361
18bb9dd7fd21ab04,https://bs.linkedin.com/jobs/view/chief-engineer-caribbean-at-renard-international-hospitality-search-consultants-4449755773,CHIEF ENGINEER - Caribbean,,scraped,2026-08-07T16:10:41.277947,
7645c25d06ca430c,https://bs.linkedin.com/jobs/view/cdl-truck-driver-commercial-at-walton-area-chamber-of-commerce-4447886231,CDL Truck Driver - Commercial,Walton Area Chamber of Commerce,posted,2026-08-07T16:10:59.152260,363
d46e8900692c5dbb,https://bs.linkedin.com/jobs/view/at-home-video-recorder-at-crossing-hurdles-4440725966,At-Home Video Recorder,Crossing Hurdles,posted,2026-08-07T16:11:07.239669,365
db2e055050295fc1,https://bs.linkedin.com/jobs/view/hess-assistant-manager-celebration-key-bahamas-at-carnival-corporation-4449920720,HESS Assistant Manager - (Celebration Key - Bahamas),Carnival Corporation,posted,2026-08-07T16:11:24.260377,367
5afa9c41f978889a,https://bs.linkedin.com/jobs/view/safety-supervisor-half-moon-cay-bahamas-at-relaxaway-half-moon-cay-4448459781,Safety Supervisor - (Half Moon Cay - Bahamas),,scraped,2026-08-07T16:11:26.788893,
9b15725fbb968e25,https://bs.linkedin.com/jobs/view/holly-can-fix-it-at-four-seasons-4450732486,Holly-Can-Fix-It,Four Seasons,posted,2026-08-09T15:46:22.111054,369
457dcc2ef5e21a81,https://bs.linkedin.com/jobs/view/sales-associate-at-melissa-sears-co-4449368531,Sales Associate,Melissa Sears Co.,posted,2026-08-09T15:46:48.612199,371
846428142e9848dd,https://bs.linkedin.com/jobs/view/port-facility-security-officer-at-royal-caribbean-group-4448508740,Port Facility Security Officer,Royal Caribbean Group,posted,2026-08-09T15:46:58.762518,373
64054ff1a823679a,https://bs.linkedin.com/jobs/view/chief-engineer-at-svitzer-4449733315,Chief Engineer,,scraped,2026-08-09T15:47:01.319435,
26a6770fd0c58a8f,https://bs.linkedin.com/jobs/view/charter-captain-at-leopard-catamarans-4442180068,Charter Captain,Leopard Catamarans,posted,2026-08-09T15:47:16.382258,375
5a33411454953424,https://bs.linkedin.com/jobs/view/assistant-accountant-at-parkland-corporation-4451053846,Assistant Accountant,,scraped,2026-08-09T15:47:21.064302,
98de665ccf59c0ae,https://bs.linkedin.com/jobs/view/idb-invest-risk-management-senior-associates-or-officers-talent-pool-at-idb-invest-4430265096,IDB Invest - Risk Management Senior Associates or Officers - Talent Pool,IDB Invest,posted,2026-08-09T15:47:34.977339,377
97cddf7d351f75ae,https://bs.linkedin.com/jobs/view/client-associate-at-rbc-4448743064,Client Associate,,scraped,2026-08-09T15:47:43.524213,
59e2e12bc67f507b,https://bs.linkedin.com/jobs/view/island-stingray-facilitator-ofi-temporary-bahamas-at-disney-cruise-line-4450564914,Island Stingray Facilitator OFI (Temporary) - Bahamas,Disney Cruise Line,posted,2026-08-09T15:47:53.830292,91
e70bf8a4d7752f62,https://bs.linkedin.com/jobs/view/consultor-pec-diagn%C3%B3stico-de-implementaci%C3%B3n-del-grupo-de-washington-en-censos-y-encuestas-de-alc-at-inter-american-development-bank-4449261974,Consultor PEC - Diagnóstico de implementación del Grupo de Washington en censos y encuestas de ALC,Inter-American Development Bank,posted,2026-08-09T15:48:05.038925,379
4dbb1c3fa450c84b,https://bs.linkedin.com/jobs/view/idb-invest-legal-senior-associates-or-officers-talent-pool-at-idb-invest-4433006919,IDB Invest - Legal Senior Associates or Officers - Talent Pool,IDB Invest,posted,2026-08-09T15:48:31.231939,381
f0f85d12356853c8,https://bs.linkedin.com/jobs/view/head-chef-%E2%80%93-italian-restaurant-at-renard-international-hospitality-search-consultants-4449741828,HEAD CHEF – ITALIAN RESTAURANT,,scraped,2026-08-09T15:48:37.731418,
ffcd5e72af24c457,https://bs.linkedin.com/jobs/view/dual-massage-therapist-esthetician-at-onespaworld-4446680916,Dual Massage Therapist/Esthetician,OneSpaWorld,posted,2026-08-09T15:48:56.807209,383
c74ecf5a0a07316b,https://bs.linkedin.com/jobs/view/environmental-compliance-operations-coordinator-at-town-of-freeport-maine-4449369015,Environmental Compliance & Operations Coordinator,"Town of Freeport, Maine",posted,2026-08-09T15:49:07.132451,385
2fe165018dbfbf2a,https://bs.linkedin.com/jobs/view/message-center-operator-at-amentum-4452000613,Message Center Operator,Amentum,posted,2026-08-11T16:11:00.472231,387
f8b2d320e60f7c02,https://bs.linkedin.com/jobs/view/data-control-clerk-at-amentum-4451893676,Data Control Clerk,Amentum,posted,2026-08-11T16:11:15.627893,389
fa8534ec66be9cdb,https://bs.linkedin.com/jobs/view/compliance-officer-at-corvalier-trust-company-4451562237,Compliance Officer,,scraped,2026-08-11T16:11:28.250187,
f976a244083640a7,https://bs.linkedin.com/jobs/view/customer-support-manager-at-make-banking-4449475607,Customer Support Manager,,scraped,2026-08-11T16:11:47.251843,
a6cd83b3c0b50644,https://bs.linkedin.com/jobs/view/island-general-maintenance-upholstery-at-disney-cruise-line-4452439528,Island General Maintenance - Upholstery,Disney Cruise Line,posted,2026-08-11T16:12:02.136923,391
30fe609f9de36697,https://bs.linkedin.com/jobs/view/lower-school-pe-teacher-at-windermere-preparatory-school-4451437758,Lower School PE Teacher,Windermere Preparatory School,posted,2026-08-11T16:12:09.841465,393
b5c1d75fae83ecf4,https://bs.linkedin.com/jobs/view/landscape-architecture-intern-at-imeg-4451433620,Landscape Architecture Intern,IMEG,posted,2026-08-11T16:12:22.093522,395
c2906ccf00aa82ce,https://bs.linkedin.com/jobs/view/water-safety-manager-half-moon-cay-princess-cays-bahamas-at-carnival-corporation-4344954224,Water Safety Manager - (Half Moon Cay & Princess Cays - Bahamas),Carnival Corporation,posted,2026-08-11T16:12:36.469836,397
826c9cabd53ac2ff,https://bs.linkedin.com/jobs/view/fso-tax-salt-experienced-staff-at-ey-4414150712,FSO Tax - SALT - Experienced Staff,EY,posted,2026-08-11T16:12:52.303025,399
b37928e1d01de319,https://bs.linkedin.com/jobs/view/procurement-officer-at-agiliss-4452717565,Procurement Officer,,scraped,2026-08-13T16:09:08.204075,
d5f6f36067a1a471,https://bs.linkedin.com/jobs/view/people-and-culture-coordinator-at-four-seasons-4453025020,People and Culture Coordinator,Four Seasons,posted,2026-08-13T16:09:39.601997,401
eae5e5218f69f068,https://bs.linkedin.com/jobs/view/transaction-monitoring-specialist-at-bankpro%C2%AE-4454030640,Transaction Monitoring Specialist,BankPro®,posted,2026-08-13T16:09:54.805223,403
dbb4b5ba267e60c6,https://bs.linkedin.com/jobs/view/cashier-sales-associate-nassau-at-the-human-resources-solutions-group-4453012702,Cashier/ Sales Associate (Nassau),,scraped,2026-08-13T16:09:57.446880,
1f49f2bfff7f972e,https://bs.linkedin.com/jobs/view/corporate-sales-specialist-at-jobreef-4453002746,Corporate Sales Specialist,,scraped,2026-08-13T16:10:06.258465,
73ccf371534dfffb,https://bs.linkedin.com/jobs/view/steel-installers-scottsdale-machine-operators-light-gauge-steel-designers-project-manager-4452034170,"Steel Installers & Scottsdale Machine Operators ( Light Gauge Steel) Designers, Project Manager",Advanced steel bahamas,posted,2026-08-13T16:10:17.791590,405
b55b291cd78f8a5b,https://bs.linkedin.com/jobs/view/cfo-vice-president-of-finance-at-sysco-bahamas-4451941491,CFO / Vice President of Finance,,scraped,2026-08-13T16:10:22.381030,
d0165788d616774f,https://bs.linkedin.com/jobs/view/heavy-equipment-mechanic-at-shipx-worldwide-4451905292,Heavy Equipment Mechanic,,scraped,2026-08-13T16:10:33.864442,
dff2e98b76f36a4e,https://bs.linkedin.com/jobs/view/housekeeping-attendant-celebration-key-bahamas-at-carnival-corporation-4452478982,Housekeeping Attendant - (Celebration Key - Bahamas),Carnival Corporation,posted,2026-08-13T16:10:55.436846,407
7fdb116378ddc6a0,https://bs.linkedin.com/jobs/view/painter-celebration-key-bahamas-at-carnival-corporation-4406877622,Painter - (Celebration Key - Bahamas),Carnival Corporation,posted,2026-08-13T16:11:06.202807,409
f8fd1f83407004ed,https://bs.linkedin.com/jobs/view/it-av-technician-celebration-key-bahamas-at-carnival-corporation-4443533018,IT/AV Technician - (Celebration Key - Bahamas),Carnival Corporation,posted,2026-08-13T16:11:15.467888,411
1e19fbe2bc3c1d4e,https://bs.linkedin.com/jobs/view/it-av-supervisor-celebration-key-bahamas-at-carnival-corporation-4451097164,IT/AV Supervisor - (Celebration Key - Bahamas),Carnival Corporation,posted,2026-08-13T16:11:25.280772,413
f77f50dc274f7d70,https://bs.linkedin.com/jobs/view/port-security-supervisor-celebration-key-bahamas-at-carnival-corporation-4453147489,Port Security Supervisor - (Celebration Key - Bahamas),Carnival Corporation,posted,2026-08-13T16:11:35.367508,415
4b8c3a0a51de609e,https://bs.linkedin.com/jobs/view/safety-supervisor-half-moon-cay-bahamas-at-relaxaway-half-moon-cay-4375127456,Safety Supervisor - (Half Moon Cay - Bahamas),,scraped,2026-08-13T16:11:37.903051,
340fc1d45abc1453,https://bs.linkedin.com/jobs/view/food-services-specialist-casual-at-amentum-4453362805,Food Services Specialist - Casual,Amentum,posted,2026-08-13T16:11:51.278137,417
6eb3341fed89ee64,https://bs.linkedin.com/jobs/view/client-associate-at-rbc-4454051038,Client Associate,RBC,posted,2026-08-13T16:12:07.040354,419
85746364761ddef2,https://bs.linkedin.com/jobs/view/cashier-stocker-casual-at-amentum-4450772664,Cashier Stocker - Casual,Amentum,posted,2026-08-13T16:12:16.233316,421
83cc08e744f7ed8d,https://bs.linkedin.com/jobs/view/rtw-driver-at-parkland-corporation-4452070420,RTW Driver,,scraped,2026-08-13T16:12:19.043793,
9bb65d068f1549b2,https://bs.linkedin.com/jobs/view/client-associate-at-rbc-4454040145,Client Associate,,scraped,2026-08-13T16:12:25.596252,
8b07a5e3c6d1cabb,https://bs.linkedin.com/jobs/view/client-associate-at-rbc-4454052048,Client Associate,,scraped,2026-08-13T16:12:32.019485,
02cfe650df71dc00,https://bs.linkedin.com/jobs/view/assistant-director-of-housekeeping-at-accor-4453252358,Assistant Director of Housekeeping,Accor,posted,2026-08-15T15:34:39.590588,423
09cf5be1d61fbab9,https://bs.linkedin.com/jobs/view/wines-spirits-sales-representative-4454803431,Wines & Spirits Sales Representative,Caribbean Wines & Spirits,posted,2026-08-15T15:34:47.222249,425
819bdd8fe9bd61a4,https://bs.linkedin.com/jobs/view/program-and-events-planner-at-the-human-resources-solutions-group-4450841847,Program and events planner,,scraped,2026-08-15T15:34:49.924773,
451ee0b4e7c072e8,https://bs.linkedin.com/jobs/view/corporate-secretary-at-transformational-consulting-group-4454803890,Corporate Secretary,,scraped,2026-08-15T15:34:56.515504,
69d167007b133b5b,https://bs.linkedin.com/jobs/view/barber-at-onespaworld-4449856601,Barber,OneSpaWorld,posted,2026-08-15T15:35:15.359228,427
a3fc575cd71be2f0,https://bs.linkedin.com/jobs/view/restaurant-general-manager-at-atlantis-bahamas-4454084201,Restaurant General Manager,,scraped,2026-08-15T15:35:17.875767,
b61631f4bfc75080,https://bs.linkedin.com/jobs/view/point-of-sale-advisor-temporary-position-at-dhl-express-4453369397,Point of Sale Advisor - temporary position,DHL Express,posted,2026-08-15T15:35:32.335575,429
7da49c36663e5076,https://bs.linkedin.com/jobs/view/accountants-assistance-at-the-human-resources-solutions-group-4451270543,Accountants Assistance,,scraped,2026-08-15T15:35:36.921709,
05dc4c1549e4f23f,https://bs.linkedin.com/jobs/view/freelance-at-firstsource-4452384086,Freelance,,scraped,2026-08-15T15:35:49.558857,
65dad7ed9faefc38,https://bs.linkedin.com/jobs/view/global-contract-life-and-wellness-coach-bahamian-creole-speaking-at-spring-health-4453607303,Global Contract Life and Wellness Coach - Bahamian Creole Speaking,Spring Health,posted,2026-08-15T15:36:03.696038,431
a08d718bf7747b24,https://bs.linkedin.com/jobs/view/site-supervisor-at-mowlem-international-ltd-4453109168,Site Supervisor,,scraped,2026-08-15T15:36:08.228788,
df01387a0bc2f519,https://bs.linkedin.com/jobs/view/estagi%C3%A1rio-de-finan%C3%A7as-s%C3%A3o-paulo-at-l-or%C3%A9al-4453702384,Estagiário de Finanças | São Paulo,,scraped,2026-08-15T15:36:22.307089,
5ec588a89097c25d,https://bs.linkedin.com/jobs/view/cctv-surveillance-operator-celebration-key-bahamas-at-carnival-corporation-4417354043,CCTV Surveillance Operator - (Celebration Key - Bahamas),Carnival Corporation,posted,2026-08-15T15:36:41.044631,433
e8ccece115a47afe,https://bs.linkedin.com/jobs/view/diver-iii-at-amentum-4453123575,Diver III,Amentum,posted,2026-08-15T15:36:54.722035,435
accc14b07e9cb411,https://bs.linkedin.com/jobs/view/range-systems-administrator-at-amentum-4444984154,Range Systems Administrator,Amentum,posted,2026-08-15T15:37:05.433835,437
8de6aca3a352047e,https://bs.linkedin.com/jobs/view/guest-services-attendant-half-moon-cay-bahamas-at-relaxaway-half-moon-cay-4444490902,Guest Services Attendant - (Half Moon Cay - Bahamas),,scraped,2026-08-15T15:37:07.982452,
26577e411e5bc1c7,https://bs.linkedin.com/jobs/view/security-team-leader-celebration-key-bahamas-at-carnival-corporation-4453151371,Security Team Leader- (Celebration Key - Bahamas),Carnival Corporation,posted,2026-08-15T15:37:23.054695,439
5ce67070788d3ae1,https://bs.linkedin.com/jobs/view/electrician-lead-celebration-key-bahamas-at-carnival-corporation-4454067261,Electrician Lead - (Celebration Key - Bahamas),Carnival Corporation,posted,2026-08-15T15:37:34.197629,441
f84824971fcbaffd,https://bs.linkedin.com/jobs/view/communications-and-lab-services-technician-ii-at-amentum-4444964946,Communications and Lab Services Technician II,Amentum,posted,2026-08-15T15:37:42.961129,443
5826cea43b7d7014,https://bs.linkedin.com/jobs/view/financial-controller-2-at-the-human-resources-solutions-group-4450838909,Financial Controller 2,,scraped,2026-08-15T15:37:51.595070,
3d7a44bec2d2f608,https://bs.linkedin.com/jobs/view/fso-assurance-audit-real-estate-hospitality-construction-senior-at-ey-4450835267,"FSO Assurance - Audit - Real Estate, Hospitality & Construction - Senior",EY,posted,2026-08-15T15:38:06.934327,445
34d0fa5c6cfa4906,https://bs.linkedin.com/jobs/view/fso-assurance-audit-wealth-asset-management-senior-at-ey-4450834258,FSO Assurance - Audit - Wealth & Asset Management - Senior,EY,posted,2026-08-15T15:38:18.061252,447
0d0f0b4a26826667,https://bs.linkedin.com/jobs/view/fy27-fso-bbc-tax-gcr-wam-experienced-staff-nassau-at-ey-4453241035,FY27-FSO BBC Tax-GCR WAM-Experienced Staff-Nassau,EY,posted,2026-08-15T15:38:29.760473,449
d6933758f04a3aa4,https://bs.linkedin.com/jobs/view/fso-assurance-audit-banking-capital-markets-senior-at-ey-4450841187,FSO Assurance - Audit - Banking & Capital Markets - Senior,EY,posted,2026-08-15T15:38:41.227738,451
ae4fc5d810a344c0,https://bs.linkedin.com/jobs/view/senior-accountant-at-bankpro%C2%AE-4454001704,Senior Accountant,BankPro®,posted,2026-08-15T15:38:53.343402,453
9a8e3bef568b0710,https://bs.linkedin.com/jobs/view/administration-support-associate-%E2%80%93-media-and-communications-at-fidelity-bank-bahamas-limited-4455207366,Administration Support Associate – Media and Communications,,scraped,2026-08-17T15:38:38.641953,
8ecc16d13faab383,https://bs.linkedin.com/jobs/view/trailer-head-driver-at-bahamas-ferries-bahamas-freight-ltd-4455321003,Trailer Head Driver,,scraped,2026-08-17T15:38:51.197865,
01c93866791e434e,https://bs.linkedin.com/jobs/view/cook-assistant-commis-at-royal-caribbean-international-4448571298,Cook Assistant Commis,Royal Caribbean International,posted,2026-08-17T15:39:10.073466,455
b9d1eed208300744,https://bs.linkedin.com/jobs/view/destination-attendant-princess-cays-pd-at-carnival-corporation-4455116720,Destination Attendant - Princess Cays (PD),Carnival Corporation,posted,2026-08-17T15:39:27.879655,457
41139020aa44a953,https://bs.linkedin.com/jobs/view/financial-solutions-specialist-at-rbc-4454046124,Financial Solutions Specialist,,scraped,2026-08-17T15:40:00.509224,
e5e5bcf917a20035,https://bs.linkedin.com/jobs/view/phlebotomist-contracted-at-doctors-hospital-4453039069,PHLEBOTOMIST- CONTRACTED,Doctors Hospital,posted,2026-08-17T15:40:55.802939,459
bb1077ea5fcc1895,https://bs.linkedin.com/jobs/view/food-service-specialist-casual-at-amentum-4454094789,Food Service Specialist (Casual),Amentum,posted,2026-08-17T15:41:07.271996,461
b27665350d977ff1,https://bs.linkedin.com/jobs/view/rtw-driver-at-parkland-corporation-4452080219,RTW Driver,,scraped,2026-08-17T15:41:09.814418,
9cb4b5614536b4a2,https://bs.linkedin.com/jobs/view/security-guard-hotel-at-four-seasons-4455981280,Security Guard (Hotel),Four Seasons,posted,2026-08-19T15:45:52.619024,463
3ae6efdaa22ccaa4,https://bs.linkedin.com/jobs/view/maintenance-manager-at-sysco-bahamas-4454783416,Maintenance Manager,,scraped,2026-08-19T15:45:55.263126,
e67054bb8be868da,https://bs.linkedin.com/jobs/view/experienced-corporate-driver-at-acerh-caribe-4454455227,Experienced Corporate Driver,ACERH Caribe,posted,2026-08-19T15:46:13.864374,465
4e730551e97e99e9,https://bs.linkedin.com/jobs/view/watch-technician-and-sales-representative-4455542094,Watch Technician and Sales Representative,Tick Tech,posted,2026-08-19T15:46:21.715847,467
e4adf4e02aada32d,https://bs.linkedin.com/jobs/view/landscape-maintenance-manager-at-the-human-resources-solutions-group-4452883035,Landscape & Maintenance Manager,,scraped,2026-08-19T15:46:24.320450,
b6bd5d27888cc008,https://bs.linkedin.com/jobs/view/cashier-sales-associate-at-the-human-resources-solutions-group-4452879064,Cashier/Sales Associate,,scraped,2026-08-19T15:46:30.974494,
d937345a52d470f8,https://bs.linkedin.com/jobs/view/vice-president-of-construction-and-development-at-brickell-management-group-4455964674,Vice President of Construction and Development,,scraped,2026-08-19T15:46:37.591257,
1e3000f8e340baad,https://bs.linkedin.com/jobs/view/agent-experience-manager-at-the-agency-bahamas-4455316879,Agent Experience Manager,,scraped,2026-08-19T15:46:44.590821,
26161a22b08f2057,https://bs.linkedin.com/jobs/view/information-technology-support-technician-at-bankpro%C2%AE-4456328665,Information Technology Support Technician,BankPro®,posted,2026-08-19T15:47:07.927294,469
9f17068122147ec9,https://bs.linkedin.com/jobs/view/senior-soc-analyst-at-nassau-airport-development-company-4455346279,Senior SOC Analyst,,scraped,2026-08-19T15:47:18.529250,
71c63c4d108ec493,https://bs.linkedin.com/jobs/view/activities-manager-explorer-kids-club-at-baha-mar-careers-4455959631,Activities Manager - Explorer (Kids Club),,scraped,2026-08-19T15:47:25.657450,
a625dce5ff6fcefe,https://bs.linkedin.com/jobs/view/lower-school-and-aftercare-aide-at-windermere-preparatory-school-4453258583,Lower School and Aftercare Aide,Windermere Preparatory School,posted,2026-08-19T15:47:38.142968,471
a729c948e012f770,https://bs.linkedin.com/jobs/view/lower-school-office-manager-at-windermere-preparatory-school-4453234658,Lower School Office Manager,Windermere Preparatory School,posted,2026-08-19T15:47:46.870145,473
e0f22917126eb239,https://bs.linkedin.com/jobs/view/face-deduplication-collection-project-at-telus-digital-ai-data-solutions-4454507487,Face Deduplication Collection Project,TELUS Digital AI Data Solutions,posted,2026-08-19T15:47:55.307986,475
58a0a9d238526c1f,https://bs.linkedin.com/jobs/view/lifeguard-club-med-resorts-bahamas-or-overseas-at-club-med-4454473916,Lifeguard Club Med Resorts Bahamas or overseas,,scraped,2026-08-19T15:47:57.882740,
f8a26e56234978b8,https://bs.linkedin.com/jobs/view/bartender-club-med-resorts-bahamas-or-overseas-at-club-med-4456193213,Bartender Club Med Resorts Bahamas or overseas,,scraped,2026-08-19T15:48:04.675533,
0e34e8a7f669fd1f,https://bs.linkedin.com/jobs/view/climate-change-research-specialist-at-fao-4452808853,Climate Change Research Specialist,,scraped,2026-08-19T15:48:11.598394,
1bd07defe9367376,https://bs.linkedin.com/jobs/view/freelance-journalist-at-travel-and-tour-world-4454992553,Freelance Journalist,Travel And Tour World,posted,2026-08-19T15:48:25.380044,477
79568aa6015f5315,https://bs.linkedin.com/jobs/view/at-home-video-recorder-latam-at-crossing-hurdles-4454273012,At-Home Video Recorder (LATAM),Crossing Hurdles,posted,2026-08-19T15:48:34.047905,479
bff97d92f37607f0,https://bs.linkedin.com/jobs/view/general-practitioner-for-telemedicine-at-eumedical-4455736193,General Practitioner for Telemedicine,,scraped,2026-08-19T15:48:38.781207,
8d329b825d5189f3,https://bs.linkedin.com/jobs/view/landscaping-supervisor-half-moon-cay-bahamas-at-relaxaway-half-moon-cay-4455979499,Landscaping Supervisor - (Half Moon Cay - Bahamas),,scraped,2026-08-19T15:48:45.449865,
0f6da22e44317754,https://bs.linkedin.com/jobs/view/deputy-port-facility-security-officer-half-moon-cay-bahamas-at-relaxaway-half-moon-cay-4455978527,Deputy Port Facility Security Officer - (Half Moon Cay - Bahamas),,scraped,2026-08-19T15:48:59.791935,
5de51b3e42e60fc3,https://bs.linkedin.com/jobs/view/boat-captain-half-moon-cay-bahamas-at-relaxaway-half-moon-cay-4455978528,Boat Captain - (Half Moon Cay - Bahamas),,scraped,2026-08-19T15:49:06.263085,
1730c5f5979ede66,https://bs.linkedin.com/jobs/view/transportation-supervisor-half-moon-cay-bahamas-at-relaxaway-half-moon-cay-4455918485,Transportation Supervisor - (Half Moon Cay - Bahamas),,scraped,2026-08-19T15:49:14.366958,
8a06f7a592865ba1,https://bs.linkedin.com/jobs/view/line-cook-at-the-abaco-club-4454456344,Line Cook,The Abaco Club,posted,2026-08-19T15:49:29.389883,481
9f3435e337a12e31,https://bs.linkedin.com/jobs/view/sr-water-treatment-systems-manager-half-moon-cay-bahamas-at-relaxaway-half-moon-cay-4455346530,Sr. Water Treatment Systems Manager - (Half Moon Cay - Bahamas),,scraped,2026-08-19T15:49:36.030063,
9d0a5ded9d928846,https://bs.linkedin.com/jobs/view/general-maintenance-half-moon-cay-bahamas-at-relaxaway-half-moon-cay-4456779681,General Maintenance - (Half Moon Cay - Bahamas),,scraped,2026-08-21T15:47:44.388176,
dcc900dc59752806,https://bs.linkedin.com/jobs/view/waste-management-technician-half-moon-cay-bahamas-at-relaxaway-half-moon-cay-4456757782,Waste Management Technician - (Half Moon Cay - Bahamas),,scraped,2026-08-21T15:47:50.783676,
0c9fd7c687ecb300,https://bs.linkedin.com/jobs/view/product-specialist-at-cable-bahamas-ltd-4454145612,Product Specialist,,scraped,2026-08-21T15:48:00.911111,
aa16203e5648d762,https://bs.linkedin.com/jobs/view/programme-director-at-ministry-of-innovation-national-development-4456144551,Programme Director,,scraped,2026-08-21T15:48:22.592769,
bbf3cb803abdcf16,https://bs.linkedin.com/jobs/view/beach-attendant-at-the-abaco-club-4454903146,Beach Attendant,The Abaco Club,posted,2026-08-21T15:48:37.683353,483
fe171b766a0ffd65,https://bs.linkedin.com/jobs/view/pec-consultant-consultant-for-analysis-and-comparison-of-education-models-at-inter-american-development-bank-4454641372,PEC Consultant - Consultant for Analysis and Comparison of Education Models,Inter-American Development Bank,posted,2026-08-21T15:48:47.664030,485
21a856fe891f4fe4,https://bs.linkedin.com/jobs/view/join-our-talent-pool-for-an-it-office-support-consultant-at-inter-american-development-bank-4456182545,Join our Talent Pool for an IT Office Support Consultant,Inter-American Development Bank,posted,2026-08-21T15:48:58.787617,487
2453f23e65083e44,https://bs.linkedin.com/jobs/view/unexploded-ordnance-tech-ii-at-alaka-ina-foundation-family-of-companies-4455988013,Unexploded Ordnance Tech II,Alaka`ina Foundation Family of Companies,posted,2026-08-21T15:49:09.184065,489
6ef4887045e2067f,https://bs.linkedin.com/jobs/view/managing-director-at-the-cove-eleuthera-4455443451,Managing Director,,scraped,2026-08-21T15:49:11.563037,
a8d09f85d3f647d3,https://bs.linkedin.com/jobs/view/information-technology-technician-at-resorts-world-bimini-4454560384,Information Technology Technician,,scraped,2026-08-21T15:49:17.732813,
fa3863b95930c244,https://bs.linkedin.com/jobs/view/bartender-at-the-human-resources-solutions-group-4453489746,Bartender,,scraped,2026-08-21T15:49:35.575553,
a159ef718b8c2750,https://bs.linkedin.com/jobs/view/fso-assurance-audit-banking-capital-markets-staff-at-ey-4456122186,FSO Assurance - Audit - Banking & Capital Markets - Staff,EY,posted,2026-08-21T15:49:51.102315,491
d9641b699defc81d,https://bs.linkedin.com/jobs/view/utilities-supervisor-half-moon-cay-bahamas-at-relaxaway-half-moon-cay-4456771683,Utilities Supervisor - (Half Moon Cay - Bahamas),,scraped,2026-08-21T15:50:03.726765,
cbc406ca7fec0467,https://bs.linkedin.com/jobs/view/field-technician-iii-at-cable-bahamas-ltd-4454141767,Field Technician III,,scraped,2026-08-21T15:50:09.846166,
2c30785fe75cdc21,https://bs.linkedin.com/jobs/view/server-at-the-human-resources-solutions-group-4453488697,Server,,scraped,2026-08-21T15:50:25.232292,
6295cf9fffb53f08,https://bs.linkedin.com/jobs/view/it-support-technician-at-amentum-4455377190,IT Support Technician,Amentum,posted,2026-08-21T15:50:34.182484,231
822e30d9d2369c2c,https://bs.linkedin.com/jobs/view/sr-water-treatment-systems-manager-half-moon-cay-bahamas-at-relaxaway-half-moon-cay-4457091124,Sr. Water Treatment Systems Manager - (Half Moon Cay - Bahamas),,scraped,2026-08-21T15:50:40.779212,
c215c43919bb5f17,https://bs.linkedin.com/jobs/view/fy27-ey-bbc-real-estate-us-tax-senior-bahamas-at-ey-4453487110,FY27 EY BBC - Real Estate US Tax Senior - Bahamas,EY,posted,2026-08-21T15:50:57.070028,493
4bf390e1675cfae2,https://bs.linkedin.com/jobs/view/transportation-engineering-intern-long-island-ny-at-imeg-4456072831,"Transportation Engineering Intern | Long Island, NY",IMEG,posted,2026-08-21T15:51:09.504165,495
a433980612b36536,https://bs.linkedin.com/jobs/view/planning-intern-long-island-ny-at-imeg-4456060955,"Planning Intern | Long Island, NY",IMEG,posted,2026-08-21T15:51:18.173428,497
565a003824238b6e,https://bs.linkedin.com/jobs/view/electrical-engineering-intern-long-island-ny-at-imeg-4452886453,"Electrical Engineering Intern | Long Island, NY",IMEG,posted,2026-08-21T15:51:26.809415,499
24689ac0432b8051,https://bs.linkedin.com/jobs/view/security-guard-hotel-at-four-seasons-4455972424,Security Guard (Hotel),Four Seasons,posted,2026-08-21T15:51:35.240375,463
c582e46523c5926e,https://bs.linkedin.com/jobs/view/procurement-officer-at-agiliss-4456252174,Procurement Officer,,scraped,2026-08-23T15:35:58.323816,
b73d45dbb10a504b,https://bs.linkedin.com/jobs/view/logistics-coordinator-at-brickell-management-group-4457586267,Logistics Coordinator,,scraped,2026-08-23T15:36:09.402928,
f3b2345e283788cd,https://bs.linkedin.com/jobs/view/administrative-assistant-at-baker-s-bay-golf-ocean-club-4457542368,Administrative Assistant,,scraped,2026-08-23T15:36:26.469780,
0f5a7eb6142dab7f,https://bs.linkedin.com/jobs/view/wellness-director-at-baker-s-bay-golf-ocean-club-4457527506,Wellness Director,,scraped,2026-08-23T15:36:32.667102,
6bbe110608b00ced,https://bs.linkedin.com/jobs/view/counter-clerk-4457825117,Counter Clerk,Pressed 2 Perfection Dry Cleaners,posted,2026-08-23T15:36:46.544731,501
dea2191fda95fe8a,https://bs.linkedin.com/jobs/view/territory-manager-at-otis-elevator-co-4456055745,Territory Manager,Otis Elevator Co.,posted,2026-08-23T15:36:56.421039,503
99190932545a232b,https://bs.linkedin.com/jobs/view/front-of-house-associate-at-city-of-leduc-4455565524,Front of House Associate,,scraped,2026-08-23T15:37:10.981223,
bb4875b40785b8df,https://bs.linkedin.com/jobs/view/airbnb-luxe-home-consultant-exuma-islands-at-lifted-an-upwork-company-4432647452,Airbnb Luxe Home Consultant - Exuma Islands,"Lifted, an Upwork Company",posted,2026-08-23T15:37:28.924752,505
c58d2775a53b67c8,https://bs.linkedin.com/jobs/view/ugc-creator-at-crossing-hurdles-4456205712,UGC Creator,Crossing Hurdles,posted,2026-08-23T15:37:39.396473,507
f1a7dd5683e945a1,https://bs.linkedin.com/jobs/view/warehouse-attendant-half-moon-cay-bahamas-at-relaxaway-half-moon-cay-4456774684,Warehouse Attendant - (Half Moon Cay - Bahamas),,scraped,2026-08-23T15:37:50.227394,
40e87da51e1be57f,https://bs.linkedin.com/jobs/view/it-technician-at-the-abaco-club-4456275676,IT Technician,The Abaco Club,posted,2026-08-23T15:38:07.519352,509
35e6246afc2a78c1,https://bs.linkedin.com/jobs/view/guest-services-supervisor-half-moon-cay-bahamas-at-relaxaway-half-moon-cay-4456767684,Guest Services Supervisor - (Half Moon Cay - Bahamas),,scraped,2026-08-23T15:38:10.095023,
e47c2a759bf5a659,https://bs.linkedin.com/jobs/view/assistant-supply-chain-manager-half-moon-cay-bahamas-at-relaxaway-half-moon-cay-4455929615,Assistant Supply Chain Manager - (Half Moon Cay - Bahamas),,scraped,2026-08-23T15:38:20.163808,
1507455cd9db1fbd,https://bs.linkedin.com/jobs/view/warehouse-receiver-at-the-human-resources-solutions-group-4453852316,Warehouse Receiver,,scraped,2026-08-23T15:38:26.317396,
442519bb9b320ab1,https://bs.linkedin.com/jobs/view/corporate-administrator-at-fxpro-4458712717,Corporate Administrator,FxPro,posted,2026-08-25T15:59:11.400411,315
14c278e1cc072dc9,https://bs.linkedin.com/jobs/view/financial-controller-at-scales-and-associates-4458189384,Financial Controller,,scraped,2026-08-25T15:59:16.052245,
430f9beab2aad17a,https://bs.linkedin.com/jobs/view/vice-president-of-construction-and-development-at-brickell-management-group-4456426801,Vice President of Construction and Development,,scraped,2026-08-25T15:59:22.281544,
e51b707fd30c2d82,https://bs.linkedin.com/jobs/view/landscape-maintenance-supervisor-at-the-human-resources-solutions-group-4452880058,Landscape Maintenance Supervisor,,scraped,2026-08-25T15:59:29.244301,
92a09e8718eb2492,https://bs.linkedin.com/jobs/view/sales-development-representative-at-alegria-travel-services-4457186216,Sales Development Representative,Alegria Travel Services,posted,2026-08-25T15:59:43.020337,511
c7fed8d39d8cb4e3,https://bs.linkedin.com/jobs/view/pastry-sous-chef-at-sls-hotels-4455087283,Pastry Sous Chef,SLS Hotels,posted,2026-08-25T15:59:52.815331,513
8307ae789ce24b89,https://bs.linkedin.com/jobs/view/fso-assurance-audit-insurance-senior-at-ey-4456531030,FSO Assurance - Audit - Insurance - Senior,EY,posted,2026-08-25T16:00:08.630617,515
5ad846d3dd0fe766,https://bs.linkedin.com/jobs/view/client-associate-at-rbc-4458545615,Client Associate,,scraped,2026-08-25T16:00:11.586749,
3f1c87fc500420f2,https://bs.linkedin.com/jobs/view/card-services-customer-support-assistant-at-fidelity-bank-bahamas-limited-4458298904,Card Services Customer Support Assistant,,scraped,2026-08-25T16:00:20.939127,
cf222b3be28197e8,https://bs.linkedin.com/jobs/view/digital-content-specialist-at-poitier-group-4458192357,Digital Content Specialist,,scraped,2026-08-25T16:00:27.256425,
6c56ae4f56309dc6,https://bs.linkedin.com/jobs/view/fso-assurance-audit-insurance-staff-at-ey-4457407273,FSO Assurance - Audit - Insurance - Staff,EY,posted,2026-08-25T16:00:47.290771,517
d5362a703e44e6ff,https://bs.linkedin.com/jobs/view/landscape-architecture-new-graduate-long-island-ny-at-imeg-4456084029,"Landscape Architecture New Graduate | Long Island, NY",IMEG,posted,2026-08-25T16:00:57.511726,519
31d9c1c23ea6d90e,https://bs.linkedin.com/jobs/view/civil-engineering-new-graduate-long-island-ny-at-imeg-4456075102,"Civil Engineering New Graduate | Long Island, NY",IMEG,posted,2026-08-25T16:01:06.893273,521
b4b286a42def1698,https://bs.linkedin.com/jobs/view/island-environmental-steward-bahamas-at-disney-cruise-line-4456761122,Island Environmental Steward - Bahamas,Disney Cruise Line,posted,2026-08-25T16:01:16.414008,523
5a928ca164ffca76,https://bs.linkedin.com/jobs/view/technical-account-coordinator-at-the-kemis-group-4457842221,Technical Account Coordinator,,scraped,2026-08-25T16:01:25.016631,
f7e97731786b2daf,https://bs.linkedin.com/jobs/view/sr-accountant-6-months-contract-at-bahamas-grid-company-4458151034,Sr. Accountant (6 Months Contract),,scraped,2026-08-25T16:01:31.419433,
68edfb77394cb182,https://bs.linkedin.com/jobs/view/pharmacy-technician-part-time-at-fuze-health-4438256453,Pharmacy Technician Part time,Fuze Health,posted,2026-08-25T16:01:44.598431,525
b06792c14972b4c7,https://bs.linkedin.com/jobs/view/cabana-concierge-half-moon-cay-bahamas-at-relaxaway-half-moon-cay-4456763708,Cabana Concierge - (Half Moon Cay - Bahamas),,scraped,2026-08-25T16:01:47.125172,
1bb4aa6b9943d02d,https://bs.linkedin.com/jobs/view/supervisor-homeowner-services-at-the-abaco-club-4457192633,"Supervisor, Homeowner Services",The Abaco Club,posted,2026-08-25T16:02:04.636722,527
dccce57d5a951dc1,https://bs.linkedin.com/jobs/view/sourcer-private-destinations-at-royal-caribbean-group-4459834136,"Sourcer, Private Destinations",Royal Caribbean Group,posted,2026-08-28T00:25:16.657694,529
b975e99cf672456e,https://bs.linkedin.com/jobs/view/homeowner-services-representative-at-the-abaco-club-4456824916,Homeowner Services Representative,The Abaco Club,posted,2026-08-28T00:25:28.124223,531
0a318686787cf537,https://bs.linkedin.com/jobs/view/data-graphics-controller-at-amentum-4458290773,Data Graphics Controller,Amentum,posted,2026-08-28T00:25:39.605608,533
535286c0e91c5b99,https://bs.linkedin.com/jobs/view/residential-technician-at-the-abaco-club-4456833024,Residential Technician,The Abaco Club,posted,2026-08-28T00:25:48.560340,535
8d89bedbc658294e,https://bs.linkedin.com/jobs/view/cost-controller-one-year-contract-at-sls-hotels-4455065459,Cost Controller (One Year Contract),SLS Hotels,posted,2026-08-28T00:25:59.821081,537
86d22028b36d5fab,https://bs.linkedin.com/jobs/view/senior-accountant-at-aic-4458028401,Senior Accountant,AIC,posted,2026-08-28T00:26:06.838379,453
f08f9febd028bde1,https://bs.linkedin.com/jobs/view/director-of-digital-transformation-at-ministry-of-innovation-national-development-4458274683,Director of Digital Transformation,,scraped,2026-08-28T00:26:15.458573,
53ee87341a06472d,https://bs.linkedin.com/jobs/view/assistant-technical-manager-royal-beach-club-at-royal-caribbean-international-4457482332,"Assistant Technical Manager, Royal Beach Club",Royal Caribbean International,posted,2026-08-28T00:26:23.935767,227
1efa79a4cbcb1e71,https://bs.linkedin.com/jobs/view/rtw-driver-at-parkland-corporation-4458651462,RTW Driver,,scraped,2026-08-28T00:26:26.544348,
70d9eed42702da29,https://bs.linkedin.com/jobs/view/reservation-support-representative-at-alegria-travel-services-4458627425,Reservation Support Representative,Alegria Travel Services,posted,2026-08-28T00:26:39.366789,539
24eb3f80ba17159b,https://bs.linkedin.com/jobs/view/fso-assurance-technology-risk-staff-at-ey-4457619129,FSO Assurance - Technology Risk - Staff,EY,posted,2026-08-28T00:26:50.514585,541
8789849503206f6f,https://bs.linkedin.com/jobs/view/fy27-fso-audit-wam-staff-bahamas-at-ey-4430837443,FY27-FSO Audit-WAM-Staff-Bahamas,EY,posted,2026-08-28T00:27:05.728718,543
2d26ba713b30e8f6,https://bs.linkedin.com/jobs/view/hospitality-experience-coordinator-at-alegria-travel-services-4458635338,Hospitality Experience Coordinator,Alegria Travel Services,posted,2026-08-28T00:27:16.098995,545
5315eb0934f9c3af,https://bs.linkedin.com/jobs/view/accounts-payable-clerk-at-sysco-bahamas-4459411601,Accounts Payable Clerk,,scraped,2026-08-29T18:27:59.054469,
9679e4e5f56c4efe,https://bs.linkedin.com/jobs/view/housekeeping-manager-at-global-advisory-associates-ltd-4458955797,Housekeeping Manager,,scraped,2026-08-29T18:28:11.901699,
fbd7807984484025,https://bs.linkedin.com/jobs/view/straight-truck-driver-cdl-b-at-sysco-bahamas-4459409645,Straight Truck Driver (CDL B),,scraped,2026-08-29T18:28:18.122734,
5943d5ba04b86a0e,https://bs.linkedin.com/jobs/view/reservation-support-representative-at-alegria-travel-services-4458619870,Reservation Support Representative,Alegria Travel Services,posted,2026-08-29T18:28:31.212491,539
6d02e6ed07759d89,https://bs.linkedin.com/jobs/view/communications-technology-specialist-at-colina-insurance-limited-4459345696,Communications Technology Specialist,,scraped,2026-08-29T18:28:35.690729,
e06a1c2925d8038e,https://bs.linkedin.com/jobs/view/customer-experience-associate-cxa-level-1-freeport-at-indigo-insurance-4459412834,Customer Experience Associate (CXA) Level 1 Freeport,,scraped,2026-08-29T18:28:43.778967,
ae65444a64e84bf8,https://bs.linkedin.com/jobs/view/communications-coordinator-at-colina-insurance-limited-4459339792,Communications Coordinator,,scraped,2026-08-29T18:28:52.340385,
1bcad56fe7e17e9e,https://bs.linkedin.com/jobs/view/spa-manager-at-margaritaville-beach-resort-nassau-4460838206,Spa Manager,,scraped,2026-08-29T18:29:02.522659,
b97a344c2719fa53,https://bs.linkedin.com/jobs/view/aviation-specialist-at-ntu-international-a-s-4458230240,Aviation Specialist,,scraped,2026-08-29T18:29:20.831385,
16fbcfcedb1dcc9a,https://bs.linkedin.com/jobs/view/idb-invest-asset-liability-management-consultant-at-idb-invest-4459884854,IDB Invest - Asset Liability Management Consultant,IDB Invest,posted,2026-08-29T18:29:38.589359,547
9c9688cccb09d480,https://bs.linkedin.com/jobs/view/online-hotel-and-resort-reservationist-at-careers-in-travel-destination-pros-4458497218,Online | Hotel and Resort Reservationist,Careers In Travel | Destination Pros,posted,2026-08-29T18:29:47.366318,549
9841db105479e7c6,https://bs.linkedin.com/jobs/view/director-of-projects-at-perfect-hire-4458972130,Director of Projects,Perfect Hire,posted,2026-08-29T18:29:57.711871,551
da2acdd1fba212a4,https://bs.linkedin.com/jobs/view/director-of-food-and-beverage-at-gap-talent-4459826392,Director of Food And Beverage,,scraped,2026-08-29T18:30:00.312847,
819da91441b08b04,https://bs.linkedin.com/jobs/view/police-officer-entry-level-lateral-at-the-blue-line-4460195171,Police Officer - Entry Level & Lateral,The Blue Line,posted,2026-08-29T18:30:16.582298,553
05036800bfb2f745,https://bs.linkedin.com/jobs/view/fso-assurance-technology-risk-senior-at-ey-4456965586,FSO Assurance - Technology Risk - Senior,EY,posted,2026-08-29T18:30:36.018328,555
